Time (years AD),Calibration_constrained_Mean,Calibration_constrained_Min,Calibration_constrained_Max,Calibration_constrained_Mean - 2SE,Calibration_constrained_Mean + 2SE,Model_constrained_Mean,Model_constrained_Min,Model_constrained_Max,Model_constrained_Mean - 2SE,Model_constrained_Mean + 2SE
1969,-1.370,-3.091,-0.298,-5.408,2.019,-1.535,-1.771,-1.240,-3.977,0.966
1968,-0.636,-1.692,0.557,-4.009,2.874,-0.369,-0.829,0.126,-3.035,2.333
1967,-0.841,-1.986,0.277,-4.303,2.594,-0.572,-1.304,-0.168,-3.510,2.038
1966,-1.307,-1.964,-0.174,-4.280,2.142,-1.525,-1.915,-1.212,-4.121,0.995
1965,-0.902,-1.845,0.180,-4.161,2.496,-1.103,-1.602,-0.554,-3.809,1.652
1964,-1.984,-2.553,-1.167,-4.869,1.150,-2.085,-2.509,-1.653,-4.715,0.554
1963,-2.372,-3.032,-1.688,-5.349,0.629,-2.275,-2.852,-1.558,-5.058,0.648
1962,-1.795,-2.567,-0.713,-4.883,1.604,-2.261,-2.669,-1.314,-4.875,0.892
1961,-1.732,-2.194,-0.442,-4.510,1.875,-1.837,-2.314,-1.310,-4.520,0.896
1960,-1.337,-1.893,-0.041,-4.210,2.276,-1.754,-2.218,-1.271,-4.424,0.935
1959,-2.356,-3.067,-1.440,-5.384,0.877,-1.840,-2.272,-1.351,-4.478,0.856
1958,-1.594,-2.570,-0.461,-4.887,1.855,-1.436,-2.022,-0.541,-4.229,1.666
1957,-1.031,-1.818,0.255,-4.135,2.572,-0.660,-1.291,0.064,-3.498,2.270
1956,-1.845,-2.789,-0.602,-5.106,1.714,-1.053,-1.615,-0.355,-3.821,1.851
1955,-1.564,-2.132,-0.980,-4.449,1.337,-1.195,-1.588,-0.870,-3.794,1.336
1954,-1.418,-2.146,-0.460,-4.462,1.857,-0.976,-1.232,-0.719,-3.438,1.487
1953,-1.759,-2.299,-0.697,-4.616,1.620,-1.373,-1.694,-0.902,-3.901,1.304
1952,-0.700,-1.285,0.100,-3.602,2.417,-0.387,-0.600,-0.102,-2.806,2.105
1951,-1.122,-1.796,0.234,-4.113,2.551,-0.098,-0.625,0.436,-2.831,2.642
1950,-0.860,-1.595,0.766,-3.912,3.083,-0.072,-0.391,0.246,-2.597,2.452
1949,0.115,-0.706,1.717,-3.023,4.033,-0.524,-0.795,-0.232,-3.001,1.974
1948,-0.962,-1.629,0.032,-3.946,2.349,-1.129,-1.487,-0.730,-3.694,1.477
1947,-0.969,-1.810,-0.100,-4.127,2.217,-1.639,-2.199,-1.146,-4.405,1.060
1946,-1.433,-1.944,-0.801,-4.261,1.516,-1.379,-1.794,-1.051,-4.000,1.155
1945,-0.620,-1.994,1.566,-4.311,3.882,-0.125,-0.601,0.653,-2.807,2.859
1944,-0.343,-0.932,0.672,-3.249,2.989,-0.509,-0.999,-0.108,-3.205,2.098
1943,-0.669,-1.499,1.560,-3.815,3.877,-0.645,-1.168,-0.164,-3.374,2.042
1942,-1.051,-1.908,0.542,-4.224,2.859,-2.169,-2.634,-1.408,-4.840,0.799
1941,-0.049,-0.982,0.797,-3.299,3.113,-0.336,-0.927,0.576,-3.133,2.782
1940,-1.779,-2.639,-0.553,-4.955,1.763,-2.527,-3.193,-1.663,-5.400,0.544
1939,-0.373,-0.983,0.679,-3.300,2.996,-0.108,-0.418,0.373,-2.624,2.579
1938,-0.570,-1.772,0.664,-4.089,2.981,-0.339,-0.859,0.556,-3.065,2.763
1937,0.080,-1.423,1.194,-3.740,3.511,0.352,-0.087,0.820,-2.294,3.026
1936,-1.019,-1.880,0.228,-4.196,2.545,-0.750,-1.231,0.104,-3.437,2.310
1935,-0.412,-1.311,0.954,-3.627,3.271,-1.018,-1.437,-0.392,-3.644,1.814
1934,-1.313,-2.329,-0.360,-4.646,1.957,-1.172,-1.638,-0.602,-3.845,1.604
1933,-0.330,-1.364,0.854,-3.681,3.171,0.228,-0.102,0.489,-2.308,2.696
1932,-0.392,-1.959,0.906,-4.276,3.223,-1.018,-1.583,-0.385,-3.789,1.822
1931,0.227,-0.468,0.771,-2.785,3.087,0.091,-0.247,0.449,-2.453,2.656
1930,0.460,-0.303,1.051,-2.619,3.368,0.337,0.063,0.485,-2.144,2.691
1929,-0.083,-0.961,1.117,-3.277,3.433,-0.746,-1.278,-0.248,-3.485,1.958
1928,0.864,0.263,1.416,-2.054,3.733,0.401,-0.091,0.720,-2.298,2.926
1927,0.915,-0.075,2.215,-2.392,4.532,0.831,0.426,1.080,-1.780,3.286
1926,0.935,-0.362,1.626,-2.679,3.943,0.841,0.272,1.267,-1.934,3.473
1925,1.199,-0.269,2.094,-2.586,4.411,1.601,1.172,1.960,-1.034,4.167
1924,0.747,-0.157,1.516,-2.474,3.833,0.572,-0.038,1.000,-2.244,3.206
1923,0.624,-0.309,1.320,-2.626,3.637,0.315,-0.314,0.893,-2.521,3.099
1922,1.075,0.003,2.041,-2.314,4.357,1.042,0.221,1.724,-1.985,3.931
1921,1.412,0.450,2.762,-1.867,5.079,1.057,0.592,1.565,-1.614,3.772
1920,1.877,0.896,2.448,-1.421,4.765,1.658,1.236,2.154,-0.970,4.360
1919,1.835,0.795,2.757,-1.522,5.073,2.030,1.566,2.593,-0.641,4.799
1918,1.313,0.356,2.004,-1.961,4.320,1.583,1.114,1.988,-1.093,4.194
1917,0.836,-0.377,1.560,-2.693,3.877,-0.166,-0.623,0.480,-2.829,2.686
1916,1.032,-0.594,1.837,-2.911,4.153,0.282,-0.375,0.863,-2.581,3.069
1915,1.741,0.790,2.386,-1.526,4.703,1.768,1.388,2.295,-0.819,4.501
1914,2.047,0.900,3.004,-1.417,5.321,1.871,1.278,2.226,-0.928,4.432
1913,1.671,0.480,2.260,-1.837,4.577,1.685,1.277,2.141,-0.929,4.347
1912,1.382,0.440,2.063,-1.876,4.379,0.347,-0.056,0.661,-2.263,2.867
1911,1.158,-0.377,2.262,-2.694,4.579,0.949,0.603,1.229,-1.603,3.436
1910,1.311,0.612,2.231,-1.705,4.547,0.986,0.774,1.308,-1.432,3.515
1909,0.504,-0.302,1.350,-2.619,3.667,0.073,-0.300,0.515,-2.506,2.722
1908,0.989,0.152,1.651,-2.164,3.967,0.427,-0.210,0.971,-2.416,3.177
1907,1.932,1.010,3.058,-1.306,5.375,2.347,1.988,2.718,-0.218,4.925
1906,1.047,-0.016,2.101,-2.332,4.418,1.686,1.088,2.324,-1.118,4.530
1905,1.186,0.489,2.056,-1.827,4.373,1.891,1.466,2.479,-0.741,4.685
1904,0.498,-0.538,1.657,-2.855,3.973,1.041,0.198,1.745,-2.009,3.951
1903,0.988,0.366,2.184,-1.951,4.500,0.864,0.075,1.617,-2.131,3.823
1902,-0.125,-1.232,0.886,-3.548,3.202,0.771,0.303,1.362,-1.903,3.568
1901,-0.181,-1.375,0.776,-3.692,3.093,0.561,0.061,0.979,-2.146,3.186
1900,0.386,-0.482,1.265,-2.799,3.582,1.591,1.384,1.976,-0.822,4.182
1899,-0.300,-1.460,0.810,-3.776,3.127,0.201,-0.273,0.583,-2.479,2.789
1898,0.854,0.161,1.515,-2.155,3.832,0.669,0.228,1.211,-1.978,3.417
1897,0.480,-0.517,1.233,-2.834,3.550,0.695,0.139,1.262,-2.067,3.468
1896,-0.411,-1.405,0.809,-3.722,3.126,0.586,0.058,1.062,-2.149,3.268
1895,-0.465,-1.663,0.341,-3.980,2.658,-1.187,-1.659,-0.756,-3.865,1.450
1894,-0.060,-0.758,0.855,-3.075,3.172,0.006,-0.348,0.790,-2.555,2.996
1893,-0.374,-1.155,0.908,-3.472,3.224,-0.431,-0.870,0.575,-3.077,2.781
1892,0.543,-0.045,1.567,-2.362,3.884,-0.050,-0.453,0.717,-2.659,2.924
1891,0.605,0.100,1.007,-2.217,3.324,0.373,-0.006,0.747,-2.212,2.953
1890,0.472,-0.415,1.213,-2.732,3.530,0.049,-0.443,0.305,-2.649,2.511
1889,-0.102,-1.067,0.549,-3.383,2.866,-0.260,-0.773,0.110,-2.980,2.316
1888,-0.475,-1.490,0.227,-3.807,2.543,-0.526,-1.003,0.183,-3.209,2.389
1887,-0.440,-1.106,0.492,-3.423,2.809,-0.698,-1.270,-0.173,-3.476,2.033
1886,0.210,-0.474,1.553,-2.791,3.869,0.341,-0.313,1.209,-2.519,3.415
1885,0.345,-0.555,1.199,-2.871,3.516,0.642,-0.055,1.323,-2.262,3.530
1884,0.043,-0.572,1.166,-2.889,3.482,0.216,-0.360,0.671,-2.567,2.877
1883,-0.080,-1.141,0.982,-3.458,3.299,0.420,-0.088,0.859,-2.294,3.066
1882,0.079,-0.820,1.255,-3.137,3.572,0.835,0.296,1.377,-1.911,3.583
1881,-0.569,-1.380,0.574,-3.697,2.890,-0.454,-0.925,-0.199,-3.131,2.008
1880,-0.223,-0.997,0.834,-3.314,3.151,0.289,0.077,0.516,-2.129,2.722
1879,-1.222,-1.889,0.221,-4.205,2.538,-0.468,-0.946,-0.128,-3.152,2.079
1878,0.178,-0.515,1.281,-2.832,3.597,0.262,-0.160,0.596,-2.366,2.802
1877,0.016,-0.600,1.538,-2.917,3.855,0.150,-0.448,0.402,-2.655,2.608
1876,-0.873,-1.701,0.020,-4.017,2.337,-0.843,-1.433,-0.475,-3.639,1.732
1875,-0.523,-1.294,0.644,-3.610,2.961,-0.576,-1.021,-0.213,-3.228,1.994
1874,1.057,-0.018,2.584,-2.335,4.900,1.518,1.215,1.848,-0.991,4.054
1873,-0.336,-1.240,0.581,-3.556,2.898,0.016,-0.349,0.246,-2.555,2.452
1872,-0.371,-1.168,0.769,-3.485,3.086,-0.267,-0.635,0.146,-2.841,2.352
1871,-0.510,-1.539,0.374,-3.856,2.690,-0.862,-1.303,-0.199,-3.509,2.007
1870,-0.020,-1.183,1.147,-3.500,3.464,0.125,-0.327,0.525,-2.533,2.732
1869,1.462,0.241,2.599,-2.075,4.916,0.645,0.190,0.947,-2.016,3.153
1868,0.700,-0.283,1.567,-2.599,3.884,0.153,-0.051,0.362,-2.258,2.568
1867,0.821,0.247,2.604,-2.070,4.921,1.211,0.937,1.482,-1.269,3.689
1866,0.836,0.040,2.022,-2.277,4.338,0.891,0.658,1.126,-1.548,3.332
1865,0.395,-0.336,1.271,-2.653,3.587,0.934,0.536,1.207,-1.670,3.413
1864,0.339,-0.579,1.515,-2.896,3.832,1.610,1.343,2.329,-0.864,4.536
1863,0.566,-0.173,1.601,-2.490,3.918,1.473,1.160,1.671,-1.047,3.877
1862,0.696,-0.130,1.420,-2.447,3.737,0.664,0.379,0.907,-1.828,3.113
1861,-0.408,-0.811,0.405,-3.128,2.722,0.304,0.047,0.680,-2.159,2.887
1860,-0.143,-0.897,0.785,-3.214,3.102,0.439,0.035,0.943,-2.172,3.150
1859,-0.102,-0.547,0.665,-2.864,2.981,0.592,0.299,1.029,-1.907,3.235
1858,0.517,0.027,1.257,-2.290,3.574,0.814,0.232,1.220,-1.975,3.426
1857,-0.144,-1.565,1.358,-3.881,3.675,0.794,0.261,1.171,-1.945,3.378
1856,-0.290,-1.963,0.917,-4.279,3.234,-0.408,-0.908,-0.106,-3.114,2.100
1855,-0.179,-1.950,0.253,-4.267,2.570,-0.303,-0.673,-0.032,-2.879,2.174
1854,0.003,-0.637,0.427,-2.954,2.744,-0.164,-0.392,0.011,-2.598,2.217
1853,-0.185,-1.103,0.430,-3.419,2.747,-0.745,-1.209,-0.430,-3.415,1.776
1852,-0.386,-1.552,0.159,-3.869,2.475,-1.070,-1.495,-0.713,-3.701,1.494
1851,-0.277,-1.604,0.586,-3.920,2.903,-1.004,-1.557,-0.576,-3.763,1.631
1850,0.299,-0.683,0.896,-3.000,3.213,-0.321,-0.846,0.024,-3.052,2.230
1849,1.007,0.286,1.639,-2.031,3.956,0.348,-0.099,0.711,-2.306,2.918
1848,0.363,-0.426,1.153,-2.743,3.470,0.309,-0.132,0.629,-2.339,2.836
1847,-1.121,-2.299,0.533,-4.616,2.850,-1.428,-1.998,-1.021,-4.204,1.185
1846,0.091,-0.666,0.534,-2.983,2.851,-0.467,-0.960,-0.162,-3.166,2.044
1845,-0.444,-1.234,0.708,-3.550,3.025,0.150,-0.359,0.418,-2.566,2.624
1844,0.879,0.166,1.887,-2.150,4.204,0.465,-0.079,0.791,-2.286,2.998
1843,0.250,-0.382,0.989,-2.699,3.306,-0.026,-0.580,0.264,-2.786,2.470
1842,0.192,-0.650,1.025,-2.967,3.342,0.558,-0.154,0.974,-2.360,3.181
1841,0.388,-0.679,1.630,-2.996,3.947,-0.134,-0.639,0.164,-2.846,2.370
1840,0.322,-0.951,1.640,-3.268,3.957,-0.631,-1.126,-0.322,-3.332,1.885
1839,0.573,-0.864,1.813,-3.181,4.130,-0.668,-0.940,-0.452,-3.147,1.754
1838,0.197,-1.279,1.694,-3.595,4.011,-0.576,-0.820,-0.366,-3.027,1.840
1837,0.565,-0.585,1.496,-2.901,3.812,0.211,-0.365,1.025,-2.571,3.232
1836,0.046,-0.648,0.925,-2.965,3.242,0.202,-0.453,0.615,-2.660,2.821
1835,0.893,-0.484,1.598,-2.801,3.914,1.030,0.288,1.718,-1.918,3.924
1834,0.731,-0.741,1.684,-3.057,4.001,1.214,0.610,1.709,-1.596,3.915
1833,0.544,-0.350,1.438,-2.667,3.754,0.337,0.034,0.623,-2.172,2.829
1832,-0.076,-0.785,0.544,-3.102,2.860,0.193,-0.327,0.503,-2.533,2.710
1831,0.051,-1.165,0.754,-3.482,3.071,-0.299,-0.665,0.002,-2.871,2.208
1830,-0.104,-1.559,0.549,-3.876,2.866,-0.425,-0.765,-0.162,-2.972,2.044
1829,0.087,-0.775,0.825,-3.091,3.141,0.051,-0.450,0.266,-2.656,2.473
1828,0.519,-0.701,1.397,-3.018,3.713,-0.168,-0.932,0.104,-3.138,2.310
1827,0.237,-0.892,0.716,-3.208,3.033,0.293,0.128,0.473,-2.078,2.680
1826,0.389,-0.448,1.300,-2.765,3.617,0.587,0.357,0.795,-1.850,3.001
1825,0.485,-0.180,1.494,-2.496,3.811,0.647,0.440,0.824,-1.767,3.030
1824,0.125,-0.394,0.909,-2.711,3.226,0.156,-0.234,0.400,-2.441,2.606
1823,0.070,-0.630,1.078,-2.946,3.394,0.658,0.496,0.791,-1.711,2.998
1822,0.225,-0.482,1.191,-2.799,3.507,1.233,0.992,1.587,-1.215,3.793
1821,0.766,0.019,1.557,-2.298,3.873,0.247,-0.130,0.461,-2.336,2.668
1820,0.074,-0.859,0.718,-3.176,3.034,-0.096,-0.412,0.086,-2.618,2.293
1819,0.458,-0.167,0.960,-2.484,3.277,0.538,0.253,0.769,-1.954,2.975
1818,0.435,-0.753,1.499,-3.070,3.816,1.235,0.871,1.739,-1.335,3.945
1817,0.642,0.052,1.074,-2.265,3.391,0.461,0.151,0.964,-2.055,3.170
1816,0.416,-1.642,1.411,-3.959,3.728,-0.165,-0.452,0.169,-2.658,2.376
1815,0.464,-0.448,1.054,-2.765,3.371,-0.324,-0.620,-0.098,-2.826,2.109
1814,0.465,-0.510,1.214,-2.827,3.531,0.705,0.280,0.981,-1.927,3.187
1813,0.601,-0.291,2.241,-2.608,4.558,1.665,1.076,2.086,-1.131,4.293
1812,0.133,-0.799,1.003,-3.116,3.319,-0.291,-0.645,0.073,-2.851,2.279
1811,0.755,-0.004,2.244,-2.320,4.560,0.375,-0.100,0.769,-2.306,2.976
1810,0.463,-0.412,1.246,-2.729,3.563,-0.132,-0.647,0.289,-2.853,2.495
1809,-0.247,-1.357,0.494,-3.673,2.811,-0.582,-1.217,-0.253,-3.423,1.954
1808,-0.155,-0.694,0.379,-3.010,2.696,-0.655,-1.268,-0.286,-3.475,1.921
1807,0.293,-0.227,0.919,-2.544,3.235,-0.161,-1.108,0.348,-3.315,2.554
1806,-0.093,-0.928,0.657,-3.245,2.973,-0.266,-0.818,0.090,-3.024,2.297
1805,-0.607,-1.632,0.110,-3.948,2.427,-1.245,-1.790,-0.675,-3.996,1.531
1804,-0.008,-0.870,0.918,-3.187,3.235,-0.526,-0.959,-0.164,-3.165,2.042
1803,0.542,-0.160,1.536,-2.477,3.853,0.366,-0.044,0.984,-2.250,3.190
1802,0.456,-0.718,1.124,-3.035,3.441,-0.240,-0.615,0.095,-2.821,2.302
1801,-0.254,-1.422,0.802,-3.739,3.119,-0.075,-0.398,0.124,-2.604,2.330
1800,-0.453,-1.563,0.321,-3.879,2.638,-1.599,-1.879,-1.216,-4.086,0.991
1799,-0.058,-1.014,0.895,-3.331,3.212,-0.735,-0.962,-0.301,-3.169,1.905
1798,-0.093,-1.109,0.855,-3.426,3.172,0.011,-0.250,0.219,-2.456,2.425
1797,0.200,-0.709,1.246,-3.026,3.563,-0.192,-0.820,0.114,-3.027,2.320
1796,0.250,-0.892,1.105,-3.209,3.422,0.264,-0.085,0.430,-2.291,2.636
1795,-0.106,-1.133,0.704,-3.450,3.020,-0.536,-1.122,-0.097,-3.328,2.110
1794,0.121,-0.726,0.839,-3.043,3.156,0.519,0.149,0.849,-2.057,3.055
1793,0.951,0.196,1.657,-2.121,3.974,0.522,-0.049,0.971,-2.255,3.177
1792,-0.169,-0.953,0.464,-3.270,2.780,-1.427,-1.643,-1.154,-3.850,1.053
1791,-0.061,-0.841,0.563,-3.158,2.880,-0.502,-0.830,0.016,-3.036,2.223
1790,-0.416,-1.230,0.237,-3.547,2.553,-1.230,-1.626,-1.053,-3.832,1.154
1789,-0.569,-1.300,0.316,-3.617,2.632,-1.005,-1.264,-0.622,-3.470,1.584
1788,-0.508,-1.588,0.251,-3.905,2.568,-0.706,-1.172,-0.255,-3.379,1.952
1787,-0.061,-1.150,1.145,-3.467,3.462,-1.830,-2.423,-1.354,-4.630,0.853
1786,-1.164,-2.284,-0.209,-4.600,2.107,-1.500,-1.844,-1.159,-4.050,1.047
1785,-0.903,-1.818,-0.179,-4.135,2.138,-1.433,-1.951,-0.985,-4.157,1.221
1784,-0.256,-1.724,0.346,-4.041,2.663,-1.359,-2.090,-0.734,-4.296,1.472
1783,0.068,-0.651,0.590,-2.968,2.907,-0.258,-0.913,0.482,-3.119,2.688
1782,-0.984,-1.762,0.319,-4.079,2.635,-0.944,-1.431,-0.545,-3.638,1.662
1781,-0.016,-1.016,1.128,-3.333,3.445,0.499,-0.090,1.044,-2.297,3.250
1780,-0.818,-1.716,0.054,-4.033,2.371,-0.725,-1.216,-0.415,-3.423,1.791
1779,-0.037,-0.855,0.844,-3.171,3.160,-0.203,-0.545,0.506,-2.751,2.713
1778,-0.183,-1.291,0.540,-3.607,2.857,-0.107,-0.468,0.173,-2.674,2.379
1777,-0.462,-1.215,0.797,-3.532,3.114,-0.767,-1.226,-0.204,-3.432,2.002
1776,-0.175,-0.837,0.293,-3.154,2.610,-0.912,-1.124,-0.679,-3.331,1.527
1775,-0.576,-1.675,-0.032,-3.992,2.285,-1.679,-2.038,-1.372,-4.244,0.834
1774,-0.449,-1.572,0.337,-3.889,2.653,-0.710,-1.061,-0.455,-3.267,1.751
1773,-0.670,-1.569,0.055,-3.886,2.371,-1.085,-1.336,-0.870,-3.543,1.337
1772,-0.810,-1.744,-0.256,-4.061,2.060,-2.014,-2.338,-1.731,-4.544,0.476
1771,0.516,-0.526,1.211,-2.842,3.528,-0.649,-1.053,-0.368,-3.259,1.838
1770,0.359,-0.765,1.198,-3.081,3.514,-0.460,-1.114,-0.114,-3.320,2.093
1769,-0.131,-1.382,0.644,-3.699,2.961,-1.645,-2.332,-1.171,-4.538,1.035
1768,-0.078,-1.116,0.734,-3.433,3.051,-1.092,-1.847,-0.668,-4.054,1.539
1767,0.120,-1.394,0.887,-3.710,3.204,-1.072,-1.809,-0.610,-4.015,1.596
1766,0.349,-0.740,1.253,-3.057,3.570,-1.398,-2.072,-0.998,-4.278,1.209
1765,-0.156,-1.171,0.370,-3.488,2.687,-1.106,-1.846,-0.624,-4.053,1.582
1764,0.051,-0.865,0.691,-3.182,3.008,-0.676,-1.378,-0.273,-3.584,1.933
1763,-0.816,-1.683,-0.126,-3.999,2.190,-1.733,-2.207,-1.319,-4.413,0.887
1762,-0.260,-1.323,0.334,-3.640,2.651,-1.374,-1.966,-0.792,-4.172,1.414
1761,0.533,-0.669,1.660,-2.986,3.977,0.391,-0.481,1.202,-2.688,3.408
1760,0.054,-0.957,0.940,-3.274,3.257,-0.834,-1.457,-0.431,-3.664,1.775
1759,0.339,-0.503,0.921,-2.820,3.238,0.219,-0.358,0.513,-2.564,2.719
1758,0.467,-0.420,1.347,-2.737,3.664,0.197,-0.496,0.616,-2.702,2.822
1757,0.094,-0.758,1.109,-3.074,3.426,-0.209,-0.778,0.151,-2.984,2.358
1756,0.289,-0.485,1.075,-2.802,3.392,0.474,-0.110,0.784,-2.316,2.990
1755,-0.285,-0.849,0.490,-3.166,2.807,-0.337,-0.790,-0.035,-2.996,2.171
1754,0.232,-0.243,0.867,-2.560,3.184,0.173,-0.566,0.606,-2.773,2.812
1753,-0.227,-1.102,0.616,-3.418,2.933,-1.315,-1.955,-0.956,-4.162,1.250
1752,-0.641,-1.578,0.144,-3.894,2.460,-0.761,-1.584,-0.267,-3.790,1.940
1751,-0.089,-0.841,0.510,-3.157,2.827,-0.078,-0.778,0.312,-2.984,2.519
1750,0.276,-0.597,0.918,-2.914,3.235,0.274,-0.428,0.708,-2.634,2.915
1749,0.803,-0.036,1.690,-2.352,4.006,0.219,-0.334,0.519,-2.540,2.725
1748,-0.767,-1.664,0.241,-3.981,2.558,-0.955,-1.460,-0.413,-3.666,1.794
1747,0.743,-0.160,1.504,-2.476,3.821,0.143,-0.313,0.500,-2.520,2.706
1746,0.875,0.189,1.557,-2.128,3.873,0.432,-0.123,0.706,-2.330,2.913
1745,-0.478,-0.973,0.137,-3.290,2.453,-0.183,-0.719,0.219,-2.926,2.426
1744,-0.071,-0.542,0.601,-2.859,2.917,0.601,-0.122,1.002,-2.328,3.209
1743,-0.163,-0.960,0.693,-3.276,3.010,0.062,-0.739,0.669,-2.945,2.875
1742,-0.585,-1.351,0.370,-3.667,2.686,0.127,-0.797,0.649,-3.004,2.855
1741,-0.092,-1.015,0.850,-3.332,3.167,0.353,-0.854,1.012,-3.061,3.219
1740,-0.968,-2.053,0.251,-4.370,2.567,-0.620,-1.612,-0.020,-3.818,2.186
1739,-0.387,-1.276,0.723,-3.593,3.040,-0.137,-0.840,0.610,-3.046,2.817
1738,0.133,-0.485,1.113,-2.802,3.429,1.057,0.570,1.511,-1.637,3.717
1737,-0.299,-1.030,0.884,-3.346,3.201,0.830,0.377,1.365,-1.829,3.572
1736,-0.872,-1.456,0.058,-3.772,2.374,-0.286,-0.591,-0.115,-2.797,2.092
1735,-0.509,-1.484,0.724,-3.801,3.040,0.796,0.427,1.201,-1.780,3.408
1734,-0.064,-0.711,0.599,-3.028,2.916,0.559,0.105,0.815,-2.101,3.022
1733,-0.225,-0.681,0.309,-2.998,2.625,-0.309,-0.679,-0.077,-2.885,2.129
1732,-0.489,-1.265,0.306,-3.581,2.623,-0.967,-1.456,-0.625,-3.663,1.582
1731,-0.257,-1.245,0.459,-3.562,2.776,-1.106,-1.788,-0.673,-3.995,1.533
1730,-1.084,-2.035,-0.299,-4.352,2.017,-1.190,-1.899,-0.745,-4.106,1.461
1729,-1.218,-1.994,0.048,-4.311,2.364,-0.760,-1.289,-0.464,-3.496,1.742
1728,-0.431,-1.080,0.390,-3.397,2.707,-0.492,-1.041,-0.116,-3.247,2.090
1727,-0.207,-1.287,0.491,-3.604,2.808,-0.710,-1.230,-0.323,-3.436,1.883
1726,0.518,-0.773,1.331,-3.090,3.647,-0.743,-1.317,-0.281,-3.523,1.926
1725,0.014,-1.248,0.708,-3.565,3.025,-0.361,-0.921,-0.032,-3.127,2.174
1724,0.055,-0.816,1.108,-3.133,3.424,-0.180,-0.659,0.202,-2.865,2.408
1723,0.453,-0.692,1.365,-3.009,3.682,0.481,-0.193,1.213,-2.399,3.419
1722,-0.742,-1.331,-0.126,-3.648,2.191,-0.261,-0.887,0.376,-3.094,2.583
1721,0.367,-0.499,1.346,-2.816,3.663,0.913,0.189,1.522,-2.017,3.728
1720,0.110,-1.016,1.031,-3.333,3.348,-0.179,-0.670,0.133,-2.876,2.339
1719,-0.307,-0.939,0.723,-3.256,3.040,-0.500,-1.011,-0.121,-3.218,2.086
1718,-0.380,-0.898,0.493,-3.215,2.810,-0.201,-0.750,0.884,-2.957,3.091
1717,-1.116,-1.611,-0.211,-3.927,2.105,-0.975,-1.526,-0.571,-3.732,1.636
1716,-1.043,-1.703,-0.232,-4.020,2.085,-0.676,-1.338,-0.288,-3.544,1.919
1715,-0.510,-1.190,0.286,-3.507,2.603,-0.381,-1.057,-0.030,-3.264,2.176
1714,0.184,-0.420,1.095,-2.736,3.411,0.264,-0.483,0.713,-2.690,2.920
1713,-0.264,-0.893,0.874,-3.209,3.191,0.412,-0.353,0.837,-2.559,3.044
1712,0.015,-0.919,0.845,-3.236,3.162,-0.419,-0.987,0.052,-3.193,2.258
1711,-0.038,-0.761,0.813,-3.078,3.130,-0.233,-0.798,0.192,-3.005,2.399
1710,-0.200,-1.362,0.783,-3.679,3.100,-1.162,-1.681,-0.824,-3.887,1.382
1709,-0.396,-1.325,0.372,-3.641,2.689,-0.010,-0.573,0.321,-2.779,2.528
1708,-0.179,-0.863,0.949,-3.180,3.266,-0.056,-0.448,0.240,-2.654,2.446
1707,0.080,-0.652,1.195,-2.968,3.512,0.178,-0.232,0.503,-2.438,2.710
1706,0.581,0.084,1.225,-2.233,3.542,0.291,-0.135,0.700,-2.342,2.907
1705,0.934,-0.245,1.950,-2.562,4.267,0.786,0.367,1.132,-1.839,3.338
1704,0.186,-0.649,1.044,-2.966,3.360,0.106,-0.651,0.530,-2.857,2.736
1703,0.139,-0.693,1.242,-3.010,3.559,0.203,-0.127,0.586,-2.334,2.792
1702,0.205,-0.602,0.865,-2.918,3.182,-0.616,-0.865,-0.169,-3.072,2.037
1701,1.223,0.473,1.842,-1.844,4.159,0.421,0.038,0.965,-2.168,3.172
1700,0.330,-0.354,1.118,-2.670,3.435,0.299,-0.401,0.765,-2.607,2.971
1699,0.724,-0.502,1.594,-2.819,3.911,0.859,-0.150,1.425,-2.356,3.632
1698,0.249,-0.725,0.927,-3.042,3.243,-0.048,-0.948,0.414,-3.154,2.620
1697,-0.027,-0.879,0.812,-3.196,3.129,0.339,-0.678,0.936,-2.884,3.143
1696,0.170,-0.392,1.090,-2.709,3.407,0.216,-0.699,0.783,-2.905,2.990
1695,0.228,-1.175,1.217,-3.492,3.534,-0.137,-0.851,0.257,-3.057,2.463
1694,0.600,-0.101,1.350,-2.418,3.666,0.765,0.064,1.145,-2.142,3.351
1693,0.261,-0.500,1.162,-2.817,3.479,0.425,-0.094,0.766,-2.300,2.972
1692,-0.268,-2.203,0.623,-4.519,2.940,-1.215,-1.996,-0.756,-4.203,1.451
1691,0.319,-0.454,1.038,-2.771,3.355,-0.042,-0.584,0.279,-2.790,2.485
1690,0.316,-0.551,1.132,-2.868,3.449,0.046,-0.600,0.528,-2.806,2.734
1689,0.661,0.081,1.645,-2.236,3.961,0.703,0.095,1.059,-2.111,3.265
1688,0.296,-0.453,1.345,-2.770,3.662,-0.191,-0.708,0.125,-2.914,2.331
1687,-0.072,-0.882,0.495,-3.198,2.812,-0.561,-1.154,-0.143,-3.360,2.063
1686,-0.132,-0.839,0.628,-3.156,2.945,0.371,-0.448,0.983,-2.655,3.189
1685,-0.423,-1.063,0.315,-3.379,2.632,-0.322,-0.773,0.059,-2.979,2.266
1684,-1.114,-2.121,-0.228,-4.437,2.089,-2.110,-2.854,-1.543,-5.060,0.663
1683,0.414,-0.916,1.270,-3.233,3.586,-0.125,-0.753,0.346,-2.960,2.552
1682,0.763,-0.067,1.486,-2.384,3.803,0.750,0.277,1.001,-1.929,3.208
1681,0.153,-1.274,1.320,-3.590,3.636,-0.190,-0.601,0.199,-2.807,2.405
1680,1.137,-0.109,2.753,-2.426,5.070,0.240,-0.129,1.141,-2.335,3.347
1679,-0.241,-1.301,0.333,-3.618,2.650,-0.608,-1.053,-0.290,-3.259,1.916
1678,0.208,-1.287,0.841,-3.604,3.158,-0.373,-0.996,0.013,-3.202,2.219
1677,0.538,-0.307,1.188,-2.624,3.504,0.368,-0.230,0.852,-2.436,3.058
1676,0.316,-0.670,0.863,-2.986,3.180,0.440,-0.271,0.772,-2.477,2.979
1675,-0.590,-2.152,0.210,-4.469,2.526,-0.768,-1.517,-0.304,-3.723,1.902
1674,-0.378,-1.232,0.355,-3.549,2.672,-1.393,-2.077,-1.012,-4.283,1.194
1673,0.062,-0.646,0.705,-2.962,3.022,-0.255,-0.856,0.113,-3.062,2.319
1672,-0.025,-1.013,0.560,-3.330,2.877,-0.036,-0.604,0.297,-2.810,2.503
1671,0.350,-0.472,0.953,-2.789,3.270,0.344,-0.186,0.683,-2.392,2.890
1670,-0.688,-1.849,0.271,-4.166,2.587,-0.456,-0.968,-0.089,-3.174,2.117
1669,-0.107,-0.770,0.719,-3.087,3.036,-0.028,-0.490,0.284,-2.696,2.490
1668,0.093,-0.755,1.130,-3.071,3.447,0.634,-0.216,0.964,-2.422,3.170
1667,-0.618,-1.634,0.199,-3.951,2.516,-1.864,-2.287,-1.454,-4.493,0.753
1666,-0.767,-1.661,-0.106,-3.978,2.211,-0.916,-1.165,-0.613,-3.371,1.593
1665,-0.553,-1.225,0.201,-3.542,2.518,-0.949,-1.156,-0.752,-3.363,1.455
1664,-0.339,-1.147,0.372,-3.464,2.689,-0.646,-0.912,-0.455,-3.118,1.751
1663,-0.214,-1.013,0.664,-3.330,2.981,-0.630,-1.040,-0.338,-3.246,1.868
1662,0.180,-0.463,1.438,-2.780,3.754,0.464,0.027,0.845,-2.180,3.051
1661,0.476,-0.165,1.345,-2.482,3.662,0.521,0.098,0.790,-2.109,2.996
1660,-0.332,-1.298,0.627,-3.615,2.944,-0.330,-0.792,0.130,-2.999,2.336
1659,0.151,-0.412,1.128,-2.728,3.444,0.743,0.240,1.052,-1.966,3.258
1658,-0.251,-0.989,0.748,-3.306,3.065,0.298,-0.189,0.652,-2.395,2.859
1657,-0.206,-1.290,0.951,-3.607,3.268,-0.535,-1.141,-0.168,-3.348,2.038
1656,0.242,-0.379,1.029,-2.696,3.346,0.623,0.158,0.929,-2.049,3.135
1655,-0.042,-0.670,0.646,-2.987,2.963,-0.123,-0.355,0.144,-2.561,2.350
1654,-0.444,-1.728,0.592,-4.044,2.908,0.371,-0.079,0.707,-2.285,2.913
1653,-0.172,-0.936,0.556,-3.252,2.873,0.307,0.017,0.909,-2.189,3.115
1652,-0.642,-1.391,0.264,-3.708,2.581,-0.385,-0.691,-0.002,-2.897,2.205
1651,0.793,-0.445,1.646,-2.762,3.963,0.356,0.073,0.741,-2.133,2.947
1650,0.071,-0.586,0.766,-2.902,3.082,0.182,-0.178,0.682,-2.384,2.888
1649,-0.014,-1.066,0.728,-3.383,3.045,-0.175,-0.573,0.127,-2.780,2.333
1648,0.261,-0.804,1.160,-3.121,3.477,1.164,0.834,1.443,-1.373,3.650
1647,1.047,-0.018,2.311,-2.334,4.627,1.059,0.519,1.407,-1.687,3.613
1646,0.626,-0.475,1.821,-2.792,4.137,0.609,0.185,0.911,-2.021,3.118
1645,0.471,-0.811,1.236,-3.128,3.553,1.482,1.163,1.713,-1.043,3.920
1644,1.233,0.049,1.921,-2.268,4.237,1.794,1.577,2.296,-0.629,4.503
1643,1.097,-0.235,1.852,-2.552,4.169,1.730,1.019,2.116,-1.187,4.322
1642,1.072,-0.004,1.985,-2.321,4.301,2.207,1.423,2.648,-0.783,4.854
1641,0.894,-0.401,1.808,-2.718,4.125,0.818,0.189,1.222,-2.017,3.428
1640,0.844,-0.385,1.532,-2.701,3.849,1.300,0.617,1.783,-1.589,3.989
1639,0.687,-0.476,1.381,-2.793,3.698,0.871,0.245,1.368,-1.961,3.574
1638,0.444,-0.635,1.821,-2.952,4.137,1.970,1.405,2.346,-0.801,4.552
1637,0.266,-0.892,1.594,-3.208,3.910,1.356,1.110,1.518,-1.096,3.725
1636,0.745,0.007,1.747,-2.310,4.064,1.314,1.041,1.539,-1.165,3.745
1635,0.170,-0.762,0.738,-3.078,3.055,0.244,-0.112,0.500,-2.318,2.706
1634,0.814,0.183,1.900,-2.134,4.217,1.018,0.654,1.482,-1.553,3.688
1633,0.504,-0.185,1.468,-2.502,3.785,0.498,0.045,0.775,-2.162,2.981
1632,-0.456,-1.254,0.741,-3.571,3.058,0.095,-0.264,0.432,-2.471,2.638
1631,0.123,-0.670,1.201,-2.987,3.518,0.412,0.053,0.659,-2.154,2.866
1630,0.007,-0.857,0.597,-3.173,2.914,-0.590,-1.021,-0.195,-3.228,2.012
1629,0.453,-0.257,1.713,-2.574,4.030,0.377,0.228,0.557,-1.978,2.764
1628,-0.006,-0.600,0.870,-2.917,3.187,0.202,-0.060,0.582,-2.266,2.788
1627,0.309,-0.467,1.061,-2.784,3.377,0.387,-0.017,1.033,-2.223,3.240
1626,-0.457,-1.186,0.707,-3.503,3.024,-0.355,-0.692,0.185,-2.898,2.392
1625,-0.028,-0.903,1.068,-3.220,3.385,-0.695,-1.138,0.178,-3.345,2.385
1624,-0.441,-1.370,1.053,-3.686,3.369,-0.876,-1.217,-0.503,-3.424,1.704
1623,0.016,-0.611,1.271,-2.928,3.588,-0.225,-0.508,-0.035,-2.714,2.171
1622,-0.055,-1.071,1.098,-3.387,3.415,-1.063,-1.418,-0.663,-3.625,1.544
1621,0.541,-0.741,1.801,-3.058,4.118,-0.853,-1.272,-0.449,-3.478,1.757
1620,0.196,-1.249,1.445,-3.565,3.761,-0.976,-1.292,-0.667,-3.499,1.540
1619,-0.293,-1.571,0.660,-3.888,2.977,-1.399,-1.698,-0.727,-3.905,1.479
1618,-0.261,-1.845,1.326,-4.162,3.643,-1.808,-2.146,-1.009,-4.353,1.197
1617,-0.278,-1.713,0.778,-4.030,3.095,-1.752,-2.068,-1.469,-4.274,0.737
1616,-0.217,-1.329,0.767,-3.646,3.084,-1.435,-1.782,-0.933,-3.988,1.274
1615,-0.145,-1.229,1.087,-3.546,3.404,-1.544,-1.884,-1.276,-4.090,0.930
1614,-0.487,-1.486,0.809,-3.803,3.126,-1.164,-1.516,-0.876,-3.723,1.330
1613,-0.657,-1.520,0.488,-3.837,2.804,-1.468,-1.843,-1.142,-4.049,1.064
1612,-0.440,-1.535,0.547,-3.851,2.864,-1.438,-1.951,-0.849,-4.158,1.357
1611,-0.398,-1.246,0.842,-3.562,3.158,-1.495,-1.975,-1.067,-4.182,1.139
1610,-0.221,-1.290,0.910,-3.606,3.227,-1.278,-1.886,-0.185,-4.093,2.021
1609,0.113,-0.828,1.067,-3.145,3.384,-0.787,-1.279,-0.480,-3.485,1.726
1608,-0.209,-1.363,0.821,-3.679,3.138,-1.098,-1.657,-0.613,-3.863,1.594
1607,-0.295,-1.174,1.051,-3.491,3.367,-0.936,-1.462,-0.283,-3.669,1.924
1606,-0.316,-1.297,1.053,-3.614,3.370,-1.396,-1.690,-1.065,-3.897,1.141
1605,0.434,-0.539,1.839,-2.856,4.156,-0.114,-0.451,0.761,-2.658,2.967
1604,-0.143,-0.904,0.792,-3.220,3.108,-0.544,-0.882,-0.152,-3.088,2.055
1603,-0.488,-1.192,0.206,-3.508,2.523,-0.912,-1.294,-0.295,-3.501,1.912
1602,0.377,-0.731,1.313,-3.048,3.630,0.093,-0.948,0.644,-3.154,2.850
1601,-0.530,-1.287,0.225,-3.604,2.542,-0.857,-1.302,-0.446,-3.508,1.760
1600,-1.174,-1.695,-0.250,-4.011,2.067,-0.603,-0.955,-0.193,-3.161,2.014
1599,0.264,-0.591,0.932,-2.908,3.249,-0.015,-0.443,0.271,-2.649,2.478
1598,-0.300,-0.912,0.293,-3.228,2.610,0.142,-0.296,0.671,-2.503,2.878
1597,-0.830,-1.729,-0.007,-4.046,2.310,-1.005,-1.400,-0.408,-3.606,1.799
1596,-0.566,-1.332,0.394,-3.649,2.710,-0.823,-1.238,-0.478,-3.445,1.729
1595,-0.404,-1.063,0.490,-3.380,2.807,-0.626,-0.996,-0.411,-3.203,1.795
1594,-0.417,-1.199,0.195,-3.516,2.512,-0.573,-1.194,-0.208,-3.400,1.998
1593,-0.086,-1.015,1.070,-3.332,3.387,1.175,0.363,1.608,-1.843,3.815
1592,-0.682,-1.659,0.210,-3.975,2.526,-0.063,-0.710,0.320,-2.916,2.526
1591,-0.461,-1.337,0.296,-3.654,2.613,0.233,-0.364,0.714,-2.571,2.921
1590,-1.422,-2.460,-0.158,-4.777,2.159,-0.734,-1.013,-0.209,-3.219,1.998
1589,-0.595,-1.248,0.400,-3.565,2.716,-0.035,-0.404,0.370,-2.610,2.576
1588,-0.780,-1.386,-0.104,-3.703,2.213,-0.359,-0.702,-0.116,-2.909,2.091
1587,-1.187,-2.090,-0.502,-4.407,1.815,-1.530,-2.121,-1.224,-4.328,0.982
1586,-0.566,-1.225,0.725,-3.542,3.041,-0.343,-0.630,0.017,-2.836,2.224
1585,-1.426,-2.405,0.050,-4.722,2.367,-0.732,-1.032,-0.274,-3.239,1.932
1584,-0.628,-1.571,0.495,-3.888,2.812,0.336,0.115,0.595,-2.091,2.801
1583,-0.513,-1.470,0.516,-3.787,2.832,0.593,0.175,0.933,-2.031,3.139
1582,-0.208,-0.779,0.655,-3.095,2.971,0.361,-0.389,0.781,-2.596,2.987
1581,-0.276,-1.018,0.774,-3.335,3.091,0.191,-0.257,0.652,-2.463,2.859
1580,-0.666,-1.477,0.508,-3.793,2.825,-0.091,-0.436,0.401,-2.643,2.608
1579,-0.336,-1.124,0.591,-3.441,2.908,0.380,-0.007,0.687,-2.213,2.893
1578,-0.249,-0.988,1.108,-3.305,3.425,-0.216,-0.762,0.063,-2.968,2.269
1577,-0.524,-1.625,0.328,-3.942,2.644,-0.345,-0.794,0.021,-3.000,2.227
1576,-0.276,-0.855,0.798,-3.172,3.115,0.456,0.125,0.989,-2.081,3.196
1575,-0.330,-0.983,0.979,-3.300,3.296,0.445,0.146,0.729,-2.061,2.936
1574,-0.065,-0.488,0.667,-2.805,2.983,0.623,0.253,0.861,-1.953,3.067
1573,-0.562,-1.275,0.227,-3.592,2.543,0.424,-0.110,0.734,-2.317,2.940
1572,0.412,-0.261,1.224,-2.578,3.540,1.453,1.199,1.649,-1.007,3.855
1571,-0.131,-0.848,0.538,-3.165,2.854,0.655,0.106,1.068,-2.100,3.275
1570,-0.442,-1.476,0.439,-3.793,2.756,-0.892,-1.400,-0.471,-3.607,1.735
1569,-0.416,-1.288,0.423,-3.605,2.739,-0.574,-0.964,-0.238,-3.171,1.969
1568,0.114,-0.793,1.359,-3.110,3.676,0.491,-0.127,1.102,-2.333,3.308
1567,-0.137,-0.969,0.807,-3.285,3.124,-0.418,-1.366,0.146,-3.573,2.352
1566,-0.428,-1.289,0.317,-3.606,2.634,0.157,-0.557,0.606,-2.763,2.812
1565,-0.465,-1.554,0.634,-3.871,2.951,-0.561,-1.154,-0.002,-3.360,2.204
1564,-0.465,-1.428,0.385,-3.745,2.701,-0.325,-0.849,0.105,-3.055,2.311
1563,-0.758,-1.511,-0.036,-3.828,2.281,-0.478,-0.932,-0.195,-3.138,2.011
1562,-0.419,-1.425,0.741,-3.742,3.058,-0.349,-0.902,0.143,-3.108,2.349
1561,0.138,-0.718,1.426,-3.035,3.743,0.974,0.297,1.498,-1.909,3.705
1560,-0.385,-1.222,0.609,-3.539,2.926,-0.225,-0.646,0.432,-2.852,2.638
1559,-0.731,-1.490,0.215,-3.807,2.531,-0.074,-0.538,0.539,-2.745,2.746
1558,-0.227,-0.992,0.590,-3.308,2.906,-0.070,-0.462,0.385,-2.669,2.591
1557,-0.087,-1.195,0.920,-3.511,3.237,-0.202,-0.609,0.191,-2.815,2.398
1556,0.274,-0.800,1.101,-3.117,3.417,-0.280,-0.619,-0.069,-2.826,2.137
1555,0.037,-0.645,0.779,-2.962,3.096,-0.593,-0.805,-0.359,-3.011,1.847
1554,-0.145,-0.962,0.614,-3.278,2.930,-0.991,-1.376,-0.712,-3.582,1.494
1553,-0.202,-1.135,0.597,-3.452,2.914,-0.674,-0.927,-0.474,-3.134,1.733
1552,-0.710,-1.384,-0.078,-3.701,2.239,-1.366,-1.637,-0.981,-3.843,1.225
1551,0.030,-0.568,0.700,-2.885,3.016,-0.325,-0.514,-0.075,-2.720,2.131
1550,0.542,0.046,1.137,-2.270,3.454,0.501,0.278,0.713,-1.928,2.920
1549,-0.161,-1.047,0.397,-3.364,2.714,0.113,-0.200,0.340,-2.407,2.546
1548,-0.343,-0.777,0.702,-3.094,3.018,0.280,-0.050,0.543,-2.256,2.749
1547,-0.543,-0.981,0.225,-3.298,2.542,0.299,0.094,0.548,-2.112,2.754
1546,0.154,-0.670,1.100,-2.987,3.417,1.021,0.720,1.322,-1.486,3.528
1545,0.244,-0.644,1.962,-2.961,4.279,2.152,1.574,2.827,-0.632,5.034
1544,-0.586,-1.047,0.367,-3.364,2.684,0.111,-0.138,0.311,-2.344,2.518
1543,-0.108,-0.817,0.593,-3.134,2.910,0.011,-0.203,0.388,-2.409,2.595
1542,-0.792,-1.626,0.331,-3.942,2.648,0.589,0.194,0.859,-2.013,3.065
1541,-0.017,-0.861,0.992,-3.177,3.309,0.367,-0.193,0.879,-2.400,3.085
1540,0.498,-0.402,1.497,-2.719,3.814,0.890,0.264,1.309,-1.943,3.516
1539,-0.307,-1.313,0.724,-3.629,3.041,0.228,-0.482,0.667,-2.688,2.873
1538,-0.522,-1.348,0.713,-3.664,3.030,-0.093,-0.587,0.224,-2.794,2.431
1537,0.030,-0.539,0.609,-2.856,2.925,-0.110,-0.600,0.206,-2.806,2.413
1536,0.750,0.259,1.723,-2.058,4.040,0.952,0.479,1.421,-1.727,3.627
1535,0.046,-1.037,1.197,-3.353,3.514,0.702,-0.168,1.211,-2.374,3.417
1534,-0.560,-1.267,-0.153,-3.584,2.164,-0.030,-0.716,0.523,-2.922,2.729
1533,-0.108,-0.728,0.750,-3.045,3.067,-0.394,-1.079,0.154,-3.286,2.360
1532,-1.176,-1.723,-0.217,-4.040,2.099,-0.518,-0.981,-0.244,-3.187,1.962
1531,-0.158,-0.738,1.134,-3.055,3.451,-0.093,-0.592,0.287,-2.799,2.493
1530,-0.472,-1.024,0.199,-3.340,2.516,-0.992,-1.354,-0.616,-3.561,1.591
1529,-0.118,-0.656,1.031,-2.972,3.348,-0.219,-0.645,0.440,-2.851,2.646
1528,-0.482,-1.123,0.642,-3.440,2.959,0.200,-0.163,0.566,-2.369,2.773
1527,0.018,-0.724,1.079,-3.041,3.396,-0.017,-0.264,0.469,-2.471,2.675
1526,0.840,0.195,2.243,-2.121,4.560,1.568,1.129,2.051,-1.077,4.258
1525,0.118,-0.691,1.542,-3.008,3.859,0.966,0.409,1.369,-1.798,3.575
1524,-0.160,-1.017,0.845,-3.334,3.162,0.532,0.356,0.769,-1.850,2.975
1523,-0.062,-0.893,0.504,-3.210,2.820,0.584,-0.030,0.945,-2.236,3.152
1522,-0.366,-1.054,0.625,-3.371,2.942,0.882,0.319,1.137,-1.887,3.343
1521,0.288,-0.282,1.157,-2.598,3.474,0.505,-0.091,0.804,-2.298,3.010
1520,0.427,-0.209,1.184,-2.526,3.500,0.981,0.495,1.289,-1.712,3.496
1519,0.444,-0.145,1.190,-2.461,3.507,0.298,0.062,0.700,-2.144,2.907
1518,-0.136,-0.763,0.571,-3.079,2.888,0.254,0.028,0.766,-2.178,2.972
1517,-0.289,-0.953,0.463,-3.270,2.780,0.048,-0.250,0.363,-2.456,2.570
1516,0.183,-0.546,0.997,-2.863,3.314,-0.042,-0.396,0.231,-2.602,2.437
1515,0.396,-0.422,1.019,-2.738,3.336,0.316,-0.287,0.549,-2.494,2.755
1514,0.485,-0.484,1.040,-2.801,3.357,0.255,-0.035,0.470,-2.242,2.677
1513,0.186,-0.538,1.033,-2.854,3.350,0.246,-0.181,0.554,-2.387,2.761
1512,0.181,-0.418,0.868,-2.734,3.185,0.196,-0.452,0.820,-2.658,3.026
1511,0.803,0.230,1.459,-2.087,3.776,0.998,0.531,1.360,-1.675,3.567
1510,-0.261,-1.019,0.489,-3.336,2.806,0.063,-0.603,0.458,-2.810,2.664
1509,0.528,-0.440,1.409,-2.757,3.726,0.587,-0.077,1.010,-2.283,3.216
1508,0.476,-0.234,1.333,-2.550,3.650,0.968,0.359,1.435,-1.847,3.641
1507,0.230,-0.529,0.814,-2.845,3.131,-0.322,-0.736,-0.003,-2.942,2.203
1506,-0.331,-1.066,1.097,-3.383,3.414,0.061,-0.332,0.435,-2.539,2.641
1505,-0.385,-1.012,0.820,-3.328,3.137,0.187,-0.249,0.565,-2.455,2.772
1504,-0.622,-1.170,-0.177,-3.487,2.139,-0.646,-1.017,-0.356,-3.224,1.851
1503,-0.581,-1.259,0.033,-3.576,2.350,-0.046,-0.356,0.308,-2.562,2.515
1502,-0.213,-0.932,0.552,-3.249,2.869,0.060,-0.224,0.288,-2.430,2.494
1501,-0.599,-1.190,0.030,-3.507,2.346,-0.480,-0.710,-0.238,-2.916,1.968
1500,0.143,-0.701,1.384,-3.017,3.700,1.134,0.774,1.434,-1.432,3.640
1499,-0.192,-1.316,0.575,-3.633,2.891,0.225,-0.207,0.537,-2.414,2.743
1498,0.373,-0.947,1.191,-3.264,3.507,0.181,-0.382,0.530,-2.589,2.736
1497,-0.389,-1.363,0.589,-3.680,2.906,0.082,-0.548,0.516,-2.754,2.723
1496,-0.373,-1.075,0.743,-3.392,3.060,0.116,-0.436,0.665,-2.643,2.871
1495,-0.594,-1.095,0.239,-3.412,2.556,-0.274,-0.801,0.276,-3.008,2.482
1494,0.585,-0.173,1.452,-2.490,3.768,0.672,0.091,1.147,-2.115,3.353
1493,0.633,-0.090,1.553,-2.407,3.870,1.386,0.946,1.715,-1.260,3.921
1492,-0.067,-0.947,0.756,-3.264,3.072,0.410,-0.160,0.753,-2.367,2.959
1491,-0.273,-1.901,0.834,-4.218,3.151,-1.036,-1.682,-0.496,-3.889,1.710
1490,0.325,-0.398,0.901,-2.715,3.218,-0.256,-0.464,0.054,-2.670,2.260
1489,-0.264,-1.122,0.380,-3.439,2.697,-0.261,-0.771,0.117,-2.978,2.323
1488,-0.116,-1.010,0.614,-3.327,2.931,-0.907,-1.201,-0.457,-3.408,1.750
1487,0.025,-0.646,0.878,-2.963,3.195,-0.304,-0.740,0.168,-2.947,2.374
1486,0.540,-0.434,1.214,-2.751,3.531,-0.075,-0.627,0.535,-2.833,2.742
1485,0.450,-0.420,1.139,-2.736,3.455,-0.114,-0.547,0.321,-2.754,2.527
1484,0.884,0.100,1.722,-2.217,4.038,0.355,-0.123,0.619,-2.329,2.825
1483,0.508,-0.074,1.099,-2.391,3.416,0.837,0.255,1.166,-1.952,3.372
1482,0.770,0.069,1.443,-2.248,3.760,0.787,-0.043,1.239,-2.249,3.445
1481,0.664,0.149,1.262,-2.168,3.578,-0.041,-0.335,0.169,-2.541,2.375
1480,0.037,-0.979,1.258,-3.295,3.574,-0.325,-0.595,-0.126,-2.801,2.080
1479,0.291,-0.319,0.986,-2.635,3.302,0.056,-0.215,0.291,-2.421,2.498
1478,0.769,-0.268,1.333,-2.585,3.650,-0.057,-0.353,0.445,-2.559,2.651
1477,0.922,0.363,1.573,-1.953,3.890,0.702,0.238,1.117,-1.969,3.323
1476,0.476,-0.257,1.165,-2.573,3.481,-0.428,-0.744,-0.049,-2.951,2.158
1475,-0.150,-1.105,1.009,-3.422,3.326,-0.558,-1.024,0.153,-3.230,2.360
1474,0.249,-0.647,1.054,-2.964,3.371,0.829,0.104,1.631,-2.102,3.837
1473,0.692,-0.233,1.573,-2.549,3.889,0.764,0.263,1.538,-1.943,3.744
1472,0.024,-0.816,0.829,-3.133,3.146,-0.571,-0.972,0.484,-3.178,2.691
1471,-0.102,-1.024,0.861,-3.340,3.178,-0.362,-0.657,0.401,-2.864,2.607
1470,0.007,-0.802,0.722,-3.119,3.039,-0.852,-1.107,-0.503,-3.314,1.703
1469,0.262,-0.334,0.878,-2.651,3.195,0.101,-0.439,0.755,-2.646,2.961
1468,0.429,-0.344,1.096,-2.661,3.412,-0.023,-0.529,0.827,-2.735,3.033
1467,0.497,-0.114,1.563,-2.431,3.880,0.434,0.078,1.161,-2.128,3.368
1466,0.029,-0.584,0.933,-2.901,3.250,-0.606,-0.884,-0.261,-3.091,1.945
1465,-0.356,-0.897,0.329,-3.214,2.646,-0.611,-1.010,-0.180,-3.216,2.026
1464,-0.329,-1.140,0.737,-3.456,3.054,-0.501,-1.002,-0.092,-3.208,2.114
1463,0.293,-0.432,0.902,-2.749,3.218,-0.362,-0.700,-0.042,-2.907,2.164
1462,-0.192,-0.968,0.632,-3.285,2.949,-1.093,-1.540,-0.760,-3.746,1.446
1461,0.058,-0.537,0.798,-2.854,3.114,0.201,-0.302,0.683,-2.508,2.889
1460,-0.239,-0.989,0.902,-3.306,3.219,-0.417,-0.836,0.210,-3.042,2.416
1459,0.284,-0.543,1.082,-2.860,3.399,-0.585,-1.054,-0.158,-3.261,2.048
1458,-0.367,-1.645,0.881,-3.962,3.198,-1.827,-2.288,-1.175,-4.494,1.032
1457,-0.801,-1.769,0.323,-4.086,2.639,-1.974,-2.246,-1.724,-4.453,0.482
1456,-0.244,-1.093,0.669,-3.409,2.986,-1.123,-1.428,-0.712,-3.635,1.494
1455,-0.519,-1.632,0.475,-3.948,2.792,-0.195,-0.691,0.439,-2.897,2.646
1454,-0.244,-1.394,0.498,-3.711,2.814,-1.020,-1.471,-0.435,-3.678,1.771
1453,-0.473,-1.577,-0.004,-3.894,2.313,-1.023,-1.405,-0.250,-3.611,1.957
1452,-0.279,-1.102,0.248,-3.419,2.564,-0.898,-1.305,-0.481,-3.511,1.725
1451,-0.336,-1.049,0.241,-3.365,2.558,-1.279,-1.598,-0.951,-3.804,1.256
1450,-1.115,-1.844,0.148,-4.161,2.465,-0.445,-0.849,0.205,-3.056,2.412
1449,-0.644,-1.287,0.066,-3.604,2.383,-0.701,-1.146,-0.133,-3.352,2.073
1448,-0.566,-1.142,0.160,-3.458,2.476,-0.899,-1.397,-0.613,-3.603,1.593
1447,-0.699,-1.233,0.354,-3.550,2.671,-0.960,-1.346,-0.683,-3.552,1.524
1446,-0.833,-1.570,-0.021,-3.887,2.296,-0.475,-0.930,-0.122,-3.137,2.084
1445,-0.065,-0.620,0.659,-2.936,2.976,-0.334,-1.059,-0.017,-3.265,2.190
1444,-0.980,-2.025,-0.156,-4.342,2.161,-0.438,-0.827,-0.133,-3.033,2.073
1443,-0.914,-1.490,-0.327,-3.807,1.990,-1.287,-1.714,-0.906,-3.920,1.300
1442,-0.724,-1.416,0.297,-3.732,2.613,0.028,-0.456,0.332,-2.663,2.539
1441,-0.235,-1.257,0.584,-3.574,2.900,0.078,-0.449,0.489,-2.655,2.695
1440,-0.265,-1.468,0.823,-3.784,3.140,0.006,-0.509,0.446,-2.715,2.652
1439,-1.118,-2.316,-0.136,-4.633,2.181,-1.086,-1.446,-0.704,-3.652,1.502
1438,-0.674,-1.440,0.332,-3.756,2.649,-0.020,-0.600,0.580,-2.806,2.787
1437,-1.001,-1.522,-0.227,-3.839,2.090,-1.218,-1.535,-0.499,-3.741,1.707
1436,-0.643,-1.449,-0.037,-3.766,2.280,-0.225,-0.624,0.079,-2.830,2.285
1435,-0.835,-1.850,0.072,-4.167,2.389,-0.794,-1.063,-0.537,-3.270,1.669
1434,-0.266,-0.943,0.323,-3.259,2.640,0.419,0.111,0.955,-2.095,3.162
1433,0.052,-0.539,0.895,-2.856,3.212,0.721,0.311,0.934,-1.895,3.140
1432,-0.405,-1.309,0.667,-3.626,2.984,-0.727,-1.300,-0.308,-3.506,1.899
1431,0.108,-0.487,0.931,-2.803,3.248,0.284,-0.063,0.515,-2.270,2.721
1430,-0.143,-0.862,0.877,-3.178,3.194,-0.448,-0.821,-0.093,-3.027,2.114
1429,-0.288,-1.030,1.137,-3.347,3.454,0.032,-0.209,0.523,-2.416,2.729
1428,1.125,-0.067,2.310,-2.384,4.626,1.134,0.740,1.698,-1.466,3.904
1427,-0.072,-0.735,0.763,-3.051,3.080,-0.717,-0.942,-0.409,-3.148,1.797
1426,0.153,-0.989,1.211,-3.306,3.527,0.235,-0.059,0.954,-2.265,3.160
1425,0.148,-0.584,1.427,-2.901,3.744,0.330,0.039,0.654,-2.167,2.860
1424,-0.116,-1.075,1.344,-3.392,3.660,-0.082,-0.294,0.247,-2.500,2.453
1423,-0.538,-1.973,0.213,-4.290,2.530,-0.188,-0.495,0.563,-2.701,2.769
1422,0.399,-0.347,1.305,-2.663,3.622,0.810,0.435,1.459,-1.772,3.665
1421,0.025,-0.593,0.980,-2.910,3.296,0.279,0.084,0.464,-2.122,2.670
1420,0.134,-0.475,0.741,-2.791,3.057,0.076,-0.542,0.502,-2.749,2.709
1419,-0.351,-1.148,0.277,-3.465,2.594,-0.688,-1.323,-0.250,-3.529,1.956
1418,0.424,-0.545,1.238,-2.862,3.555,-0.387,-0.976,0.027,-3.182,2.234
1417,0.805,0.266,1.666,-2.051,3.983,0.790,0.442,1.052,-1.764,3.258
1416,0.120,-0.496,0.768,-2.812,3.085,0.336,-0.237,0.645,-2.443,2.851
1415,0.432,-0.305,2.159,-2.621,4.476,1.052,0.639,1.382,-1.567,3.588
1414,0.493,-0.298,1.687,-2.614,4.004,-0.630,-0.930,-0.373,-3.136,1.834
1413,-0.272,-0.993,1.173,-3.310,3.490,0.801,0.355,1.080,-1.852,3.286
1412,-0.073,-1.192,0.591,-3.509,2.908,0.119,-0.349,0.340,-2.555,2.546
1411,-0.536,-1.359,0.400,-3.675,2.717,-0.413,-0.761,-0.074,-2.967,2.133
1410,-0.078,-0.820,0.683,-3.136,3.000,-0.306,-0.764,0.010,-2.970,2.216
1409,-0.256,-0.872,0.873,-3.188,3.190,-0.240,-0.544,0.218,-2.750,2.425
1408,-0.399,-1.241,0.804,-3.558,3.121,-0.883,-1.297,-0.186,-3.503,2.020
1407,-0.871,-1.852,0.178,-4.169,2.495,-0.203,-0.727,0.232,-2.934,2.439
1406,-0.176,-0.774,0.776,-3.091,3.093,-0.376,-0.753,-0.018,-2.959,2.189
1405,0.384,-0.328,1.598,-2.644,3.915,1.297,0.927,1.635,-1.280,3.841
1404,-0.186,-1.676,1.119,-3.992,3.436,0.448,0.124,0.806,-2.083,3.012
1403,-0.732,-1.479,0.514,-3.796,2.831,-0.219,-0.482,-0.064,-2.689,2.142
1402,0.029,-0.811,1.628,-3.128,3.945,0.958,0.580,1.818,-1.626,4.024
1401,-0.636,-1.383,0.379,-3.699,2.695,-0.529,-0.827,-0.212,-3.033,1.994
1400,-0.317,-1.051,0.949,-3.368,3.266,0.107,-0.350,0.679,-2.557,2.885
1399,-0.982,-1.639,0.161,-3.955,2.478,-0.826,-1.095,-0.645,-3.302,1.562
1398,-0.475,-1.169,0.486,-3.486,2.803,-0.386,-0.566,-0.190,-2.772,2.017
1397,-0.577,-1.386,0.731,-3.703,3.048,-0.328,-0.846,0.089,-3.053,2.296
1396,-0.839,-2.049,0.245,-4.366,2.561,-1.447,-2.195,-0.771,-4.402,1.435
1395,-0.302,-1.317,1.115,-3.634,3.432,-0.155,-0.793,0.469,-2.999,2.675
1394,-0.138,-1.049,1.127,-3.365,3.443,-0.182,-0.700,0.168,-2.906,2.374
1393,-0.129,-1.101,1.337,-3.418,3.653,0.419,-0.226,0.797,-2.432,3.003
1392,0.069,-1.209,1.147,-3.526,3.464,0.073,-0.500,0.436,-2.706,2.643
1391,-0.061,-1.107,1.128,-3.424,3.444,0.101,-0.449,0.432,-2.656,2.638
1390,-0.375,-1.389,0.765,-3.705,3.082,-0.299,-0.634,0.128,-2.840,2.335
1389,-0.649,-1.988,0.490,-4.304,2.806,-0.864,-1.267,-0.649,-3.474,1.557
1388,-0.444,-1.492,0.790,-3.809,3.107,0.142,-0.137,0.446,-2.343,2.652
1387,0.165,-1.204,1.262,-3.520,3.579,0.085,-0.407,0.420,-2.614,2.626
1386,0.279,-0.678,1.208,-2.995,3.525,0.346,-0.107,0.709,-2.313,2.916
1385,-0.232,-1.187,0.820,-3.503,3.137,0.253,-0.290,0.732,-2.497,2.938
1384,-0.295,-1.001,0.566,-3.318,2.883,-0.158,-0.733,0.138,-2.939,2.344
1383,0.091,-0.636,1.011,-2.953,3.327,0.287,-0.041,0.533,-2.247,2.739
1382,-0.058,-0.620,0.854,-2.936,3.171,1.164,0.650,1.428,-1.557,3.634
1381,-0.382,-1.292,0.686,-3.609,3.002,0.329,-0.333,0.784,-2.540,2.990
1380,-0.147,-0.870,1.208,-3.187,3.524,0.025,-0.261,0.371,-2.467,2.578
1379,-1.048,-1.873,0.218,-4.190,2.535,-0.577,-0.990,0.241,-3.196,2.448
1378,-0.374,-1.057,0.756,-3.374,3.073,0.055,-0.241,0.592,-2.448,2.798
1377,-0.129,-0.971,1.109,-3.288,3.426,0.716,0.356,1.017,-1.851,3.223
1376,-0.387,-1.166,1.271,-3.482,3.587,0.833,0.367,1.109,-1.839,3.315
1375,-0.696,-1.535,0.307,-3.852,2.623,-0.354,-0.654,-0.185,-2.861,2.021
1374,0.064,-0.898,1.069,-3.215,3.386,0.238,-0.139,0.575,-2.345,2.782
1373,-0.246,-0.926,0.934,-3.243,3.250,-0.102,-0.427,0.120,-2.633,2.327
1372,-0.596,-1.157,0.239,-3.473,2.556,-0.290,-0.566,-0.085,-2.772,2.122
1371,-0.207,-0.999,0.646,-3.316,2.963,0.256,0.010,0.456,-2.196,2.662
1370,-0.686,-1.388,0.184,-3.704,2.501,-0.692,-1.135,-0.364,-3.342,1.843
1369,-0.257,-0.977,1.021,-3.293,3.338,0.679,0.127,1.107,-2.079,3.314
1368,-0.099,-1.227,0.873,-3.544,3.189,-0.048,-0.237,0.448,-2.443,2.655
1367,-0.048,-0.877,0.781,-3.194,3.098,-0.347,-0.603,-0.196,-2.809,2.011
1366,-0.234,-0.863,0.571,-3.179,2.888,-0.238,-0.382,-0.083,-2.588,2.123
1365,-0.177,-0.927,0.776,-3.243,3.093,-0.290,-0.736,-0.003,-2.942,2.203
1364,-0.027,-0.990,1.213,-3.307,3.530,0.494,0.093,0.803,-2.113,3.009
1363,-0.432,-1.269,0.451,-3.585,2.767,0.108,-0.235,0.727,-2.441,2.933
1362,-0.911,-1.778,0.099,-4.094,2.415,-0.824,-1.180,-0.401,-3.386,1.805
1361,-0.795,-1.788,0.801,-4.105,3.118,-0.460,-0.721,-0.256,-2.927,1.950
1360,-0.563,-1.582,0.763,-3.899,3.080,-0.374,-0.725,0.146,-2.931,2.352
1359,-0.223,-0.943,0.998,-3.260,3.315,-0.059,-0.397,0.147,-2.603,2.354
1358,-0.817,-1.916,0.345,-4.232,2.662,-0.894,-1.702,-0.457,-3.908,1.749
1357,-0.182,-1.300,1.360,-3.617,3.677,-0.358,-0.701,-0.018,-2.907,2.188
1356,-0.157,-1.015,1.113,-3.331,3.430,0.200,-0.370,0.959,-2.576,3.165
1355,-0.875,-1.836,0.075,-4.153,2.392,-0.238,-0.890,0.135,-3.096,2.342
1354,0.133,-0.942,1.190,-3.259,3.507,0.231,-0.066,0.637,-2.272,2.843
1353,-0.034,-1.209,1.061,-3.526,3.378,0.373,0.048,0.936,-2.159,3.142
1352,-0.441,-1.321,0.755,-3.637,3.072,0.162,-0.208,0.646,-2.415,2.852
1351,-0.598,-1.952,0.506,-4.269,2.823,-0.157,-0.624,0.088,-2.830,2.294
1350,-0.812,-1.991,0.558,-4.308,2.875,0.054,-0.306,0.309,-2.512,2.515
1349,-0.283,-1.708,0.987,-4.024,3.304,-0.193,-0.739,0.126,-2.946,2.333
1348,-0.186,-1.937,0.999,-4.254,3.316,-0.109,-0.654,0.197,-2.860,2.404
1347,-0.621,-1.815,0.714,-4.132,3.031,-0.376,-1.065,0.013,-3.271,2.220
1346,-0.637,-2.279,0.794,-4.596,3.111,-0.233,-0.844,0.105,-3.050,2.311
1345,-0.019,-1.323,1.578,-3.640,3.894,0.621,-0.132,1.060,-2.338,3.267
1344,0.303,-1.263,1.949,-3.580,4.266,0.869,-0.038,1.431,-2.244,3.637
1343,-0.664,-2.300,0.858,-4.617,3.175,-0.766,-1.693,-0.154,-3.900,2.052
1342,-0.725,-2.073,0.454,-4.390,2.771,-0.818,-1.503,-0.220,-3.710,1.986
1341,-0.187,-1.743,2.095,-4.060,4.411,0.306,-0.190,0.969,-2.396,3.175
1340,-0.451,-2.038,0.576,-4.354,2.893,0.146,-0.602,0.935,-2.809,3.142
1339,-0.343,-1.573,0.775,-3.890,3.091,-0.241,-0.648,0.310,-2.855,2.516
1338,-0.306,-1.662,1.018,-3.978,3.335,0.385,-0.177,0.892,-2.384,3.098
1337,0.045,-0.874,1.308,-3.190,3.624,0.692,0.184,1.105,-2.023,3.311
1336,0.008,-1.406,1.187,-3.723,3.504,0.006,-0.371,0.440,-2.577,2.646
1335,-0.210,-1.136,1.181,-3.452,3.497,0.212,-0.041,0.476,-2.248,2.682
1334,0.460,-0.573,2.388,-2.889,4.705,0.549,0.239,0.979,-1.967,3.185
1333,0.745,-0.600,2.021,-2.917,4.338,-0.232,-0.606,0.527,-2.812,2.733
1332,1.190,-0.070,2.474,-2.387,4.791,0.396,-0.136,1.238,-2.343,3.444
1331,0.476,-0.636,1.653,-2.953,3.970,0.402,0.056,0.765,-2.150,2.971
1330,0.717,-0.441,1.937,-2.758,4.254,0.534,0.004,0.810,-2.202,3.016
1329,0.191,-0.924,1.432,-3.241,3.748,0.438,0.007,0.784,-2.199,2.991
1328,0.250,-0.897,1.739,-3.214,4.056,0.786,0.493,1.023,-1.714,3.229
1327,-0.235,-1.306,0.996,-3.623,3.312,-0.215,-0.730,0.163,-2.936,2.370
1326,-0.098,-1.094,1.241,-3.411,3.557,-0.331,-1.265,0.147,-3.471,2.354
1325,0.091,-0.745,0.939,-3.061,3.256,-0.286,-0.685,0.203,-2.892,2.410
1324,-0.355,-1.545,0.877,-3.862,3.194,-0.329,-0.703,0.030,-2.910,2.237
1323,-0.065,-0.845,1.578,-3.162,3.895,0.318,-0.066,0.705,-2.272,2.912
1322,0.621,-0.130,1.746,-2.447,4.062,1.443,1.152,1.977,-1.054,4.183
1321,0.700,0.114,2.088,-2.203,4.405,0.941,0.650,1.240,-1.556,3.446
1320,0.997,0.268,2.319,-2.048,4.636,1.605,0.958,2.023,-1.248,4.229
1319,1.114,0.371,2.137,-1.945,4.454,1.415,1.150,1.665,-1.056,3.871
1318,0.300,-0.514,1.686,-2.831,4.002,0.758,0.313,1.146,-1.893,3.352
1317,0.921,0.217,2.140,-2.100,4.456,1.479,1.161,1.732,-1.046,3.939
1316,-0.029,-0.816,1.414,-3.133,3.731,0.352,0.142,0.592,-2.064,2.798
1315,0.318,-0.336,1.692,-2.653,4.009,0.595,0.263,0.840,-1.943,3.046
1314,1.300,0.390,2.951,-1.926,5.267,1.265,1.042,1.559,-1.165,3.766
1313,1.114,0.282,2.591,-2.035,4.907,1.080,0.757,1.526,-1.450,3.732
1312,0.712,-0.059,2.199,-2.375,4.516,0.287,-0.160,0.684,-2.367,2.891
1311,0.622,-0.302,2.056,-2.619,4.373,0.204,-0.252,0.635,-2.459,2.841
1310,0.607,-0.135,2.003,-2.451,4.320,0.559,0.212,0.976,-1.994,3.182
1309,1.259,0.225,2.884,-2.091,5.201,0.843,0.068,1.488,-2.138,3.694
1308,-0.424,-1.447,1.013,-3.764,3.330,-0.655,-1.380,-0.221,-3.586,1.986
1307,-0.175,-0.934,1.253,-3.251,3.569,-0.156,-0.624,0.267,-2.831,2.474
1306,-0.002,-0.901,1.295,-3.218,3.612,-0.046,-0.378,0.247,-2.584,2.453
1305,0.344,-0.780,1.693,-3.097,4.010,0.146,-0.281,0.566,-2.488,2.773
1304,0.534,-0.174,2.056,-2.491,4.373,0.891,0.430,1.360,-1.776,3.567
1303,0.514,-0.193,1.646,-2.509,3.963,0.132,-0.215,0.587,-2.421,2.794
1302,0.549,-0.215,1.693,-2.531,4.009,0.715,0.199,1.274,-2.008,3.480
1301,0.037,-0.525,1.048,-2.842,3.365,-0.315,-0.652,0.126,-2.858,2.332
1300,-0.019,-1.093,1.147,-3.410,3.464,-0.235,-0.614,0.208,-2.820,2.414
1299,-0.259,-0.980,1.102,-3.297,3.419,-0.085,-0.450,0.378,-2.656,2.585
1298,0.756,-0.388,2.306,-2.705,4.623,0.948,0.554,1.263,-1.653,3.470
1297,0.106,-0.904,1.827,-3.220,4.144,-0.294,-0.697,0.020,-2.904,2.227
1296,0.539,-0.437,2.133,-2.753,4.449,0.782,0.406,1.045,-1.800,3.251
1295,-0.143,-1.068,1.685,-3.385,4.001,0.536,0.109,0.844,-2.097,3.051
1294,0.534,-0.293,2.024,-2.610,4.341,1.045,0.755,1.303,-1.451,3.510
1293,0.744,-0.193,2.317,-2.509,4.634,1.252,0.945,1.526,-1.261,3.732
1292,0.068,-1.178,1.324,-3.494,3.641,0.618,-0.078,0.900,-2.284,3.106
1291,0.499,-0.265,2.071,-2.582,4.388,1.146,0.858,1.343,-1.348,3.549
1290,0.272,-0.908,1.632,-3.225,3.949,-0.119,-0.437,0.250,-2.643,2.456
1289,-0.125,-0.912,1.048,-3.229,3.365,0.276,0.029,0.661,-2.177,2.868
1288,0.048,-0.942,1.441,-3.258,3.758,1.564,0.988,1.977,-1.219,4.183
1287,0.065,-0.741,1.552,-3.057,3.869,1.085,0.694,1.323,-1.512,3.529
1286,-0.591,-1.414,0.997,-3.731,3.314,0.114,-0.197,0.343,-2.403,2.550
1285,-0.262,-1.454,1.573,-3.771,3.889,0.805,0.512,1.128,-1.695,3.334
1284,0.617,-0.246,2.027,-2.563,4.343,1.315,1.067,1.684,-1.140,3.891
1283,-0.094,-1.283,1.746,-3.599,4.063,0.502,-0.168,0.797,-2.374,3.004
1282,0.262,-0.396,1.275,-2.713,3.591,0.547,0.219,1.069,-1.987,3.275
1281,-0.354,-1.231,0.728,-3.548,3.045,-0.383,-0.935,0.333,-3.141,2.539
1280,0.054,-0.846,1.144,-3.163,3.461,0.296,0.018,0.663,-2.189,2.869
1279,-0.142,-1.069,1.074,-3.386,3.391,0.299,-0.078,0.600,-2.284,2.806
1278,-0.087,-0.816,1.219,-3.133,3.535,0.434,0.020,0.975,-2.186,3.181
1277,0.378,-0.373,1.675,-2.690,3.991,1.072,0.774,1.526,-1.433,3.732
1276,-0.607,-1.702,0.757,-4.019,3.074,0.645,0.275,0.997,-1.931,3.204
1275,0.141,-0.785,1.021,-3.102,3.337,-0.477,-0.938,0.037,-3.145,2.244
1274,-0.076,-0.562,1.180,-2.878,3.497,0.314,0.007,0.703,-2.200,2.909
1273,0.147,-0.607,1.197,-2.923,3.513,0.429,0.051,0.801,-2.156,3.007
1272,0.120,-0.566,0.954,-2.883,3.271,0.009,-0.224,0.321,-2.430,2.527
1271,0.348,-0.281,1.317,-2.598,3.634,0.417,0.110,0.859,-2.096,3.065
1270,-0.059,-0.819,1.035,-3.136,3.352,0.407,-0.223,0.786,-2.429,2.992
1269,0.027,-0.908,1.204,-3.225,3.520,-0.502,-0.936,-0.137,-3.143,2.070
1268,1.007,0.363,2.283,-1.953,4.600,1.197,0.714,1.608,-1.492,3.814
1267,0.773,0.231,2.258,-2.086,4.575,1.417,1.137,1.728,-1.069,3.935
1266,0.734,-0.019,1.728,-2.336,4.044,1.434,1.103,1.802,-1.104,4.009
1265,0.191,-0.722,1.244,-3.038,3.561,0.942,0.649,1.200,-1.557,3.406
1264,-0.129,-0.762,1.019,-3.078,3.336,0.990,0.666,1.232,-1.540,3.439
1263,0.328,-0.465,1.501,-2.781,3.818,1.139,0.592,1.478,-1.615,3.684
1262,0.291,-0.595,1.219,-2.912,3.536,1.160,0.717,1.490,-1.489,3.696
1261,0.356,-0.183,1.106,-2.500,3.423,0.919,0.482,1.237,-1.724,3.443
1260,0.685,0.121,1.567,-2.196,3.883,1.048,0.705,1.362,-1.501,3.568
1259,0.898,0.221,1.642,-2.095,3.959,0.991,0.687,1.371,-1.520,3.577
1258,-0.396,-1.367,1.336,-3.683,3.653,0.834,0.411,1.443,-1.796,3.649
1257,-0.005,-0.587,0.629,-2.904,2.946,-0.283,-0.745,0.054,-2.951,2.260
1256,-0.488,-0.945,0.278,-3.261,2.595,-0.047,-0.371,0.227,-2.578,2.433
1255,-0.270,-0.790,0.611,-3.106,2.928,0.172,-0.253,0.594,-2.459,2.800
1254,-0.505,-1.320,0.998,-3.637,3.315,-0.244,-1.280,0.416,-3.486,2.623
1253,-0.136,-1.463,0.919,-3.780,3.236,0.441,-0.149,1.027,-2.356,3.233
1252,0.729,-0.171,2.044,-2.488,4.361,2.489,2.196,2.836,-0.010,5.042
1251,-0.559,-1.332,0.964,-3.649,3.281,0.580,0.059,0.961,-2.147,3.167
1250,0.056,-1.044,1.053,-3.360,3.370,0.378,-0.650,0.853,-2.857,3.060
1249,0.118,-0.616,0.852,-2.933,3.169,0.428,-0.519,1.200,-2.726,3.407
1248,-0.092,-0.711,0.784,-3.028,3.101,0.483,-0.137,0.927,-2.343,3.134
1247,0.147,-0.554,1.056,-2.871,3.373,1.388,1.013,1.614,-1.193,3.821
1246,-0.383,-1.092,0.794,-3.409,3.111,0.864,0.175,1.137,-2.031,3.344
1245,-0.324,-1.004,0.841,-3.320,3.158,0.212,-0.251,0.545,-2.458,2.751
1244,-0.162,-0.921,1.177,-3.238,3.494,-0.234,-0.713,0.179,-2.919,2.386
1243,0.146,-0.606,1.385,-2.923,3.701,0.362,-0.286,0.773,-2.493,2.980
1242,-0.068,-1.167,0.870,-3.484,3.186,-0.599,-1.171,-0.258,-3.378,1.949
1241,0.235,-0.657,1.640,-2.974,3.957,-0.165,-0.832,0.457,-3.038,2.664
1240,-0.536,-1.150,0.386,-3.467,2.702,-0.374,-0.852,0.187,-3.058,2.394
1239,0.124,-0.677,1.530,-2.994,3.847,-0.235,-0.843,0.323,-3.049,2.529
1238,-0.090,-0.916,1.025,-3.233,3.341,-0.054,-0.628,0.375,-2.834,2.582
1237,-0.406,-1.191,0.407,-3.508,2.724,-0.499,-1.078,0.042,-3.284,2.249
1236,-0.243,-1.217,0.917,-3.533,3.234,-0.070,-0.607,0.395,-2.813,2.602
1235,-0.001,-0.832,1.134,-3.149,3.451,-0.049,-0.604,0.413,-2.811,2.619
1234,-0.475,-1.358,0.494,-3.675,2.811,0.196,-0.306,0.572,-2.512,2.779
1233,-0.681,-1.399,-0.105,-3.716,2.212,-0.012,-0.607,0.394,-2.814,2.601
1232,-0.134,-1.113,0.630,-3.430,2.946,-0.214,-0.556,0.184,-2.762,2.390
1231,0.199,-0.449,1.236,-2.766,3.552,0.146,-0.257,0.494,-2.463,2.700
1230,0.117,-0.983,1.353,-3.300,3.670,0.372,-0.072,0.614,-2.278,2.821
1229,0.056,-0.935,1.428,-3.251,3.745,1.252,0.820,1.706,-1.387,3.913
1228,0.032,-0.831,1.325,-3.148,3.642,0.240,-0.033,0.434,-2.240,2.640
1227,-0.866,-1.862,0.541,-4.179,2.858,0.400,0.074,0.628,-2.132,2.834
1226,0.068,-0.553,1.169,-2.870,3.486,0.731,0.269,1.005,-1.937,3.211
1225,-0.700,-1.463,0.234,-3.780,2.551,0.220,-0.390,0.510,-2.596,2.716
1224,-0.315,-1.100,0.698,-3.417,3.014,-0.119,-0.817,0.453,-3.023,2.659
1223,-0.493,-1.433,0.404,-3.750,2.721,-0.778,-1.636,-0.156,-3.842,2.050
1222,-0.149,-0.995,0.670,-3.312,2.987,-0.506,-1.192,0.057,-3.398,2.263
1221,-0.271,-1.065,0.865,-3.381,3.182,-0.346,-1.248,0.398,-3.454,2.604
1220,-0.449,-1.141,0.434,-3.457,2.750,-0.644,-1.635,0.046,-3.841,2.253
1219,0.308,-0.367,1.508,-2.684,3.825,0.441,0.050,0.821,-2.157,3.027
1218,-0.385,-1.315,0.945,-3.632,3.262,0.002,-0.717,0.634,-2.923,2.840
1217,-0.437,-1.463,0.917,-3.779,3.234,0.047,-0.192,0.370,-2.399,2.577
1216,-0.041,-0.684,0.908,-3.001,3.224,0.449,-0.124,0.813,-2.331,3.019
1215,-0.094,-0.736,0.930,-3.053,3.247,0.512,0.282,0.718,-1.925,2.925
1214,0.295,-0.460,1.132,-2.777,3.449,0.667,0.306,0.912,-1.901,3.119
1213,0.440,-0.175,1.154,-2.492,3.471,0.459,0.144,0.800,-2.062,3.007
1212,-0.259,-1.156,0.623,-3.472,2.940,-0.968,-1.441,-0.614,-3.647,1.592
1211,0.232,-0.569,1.224,-2.886,3.540,-0.234,-0.586,0.029,-2.792,2.235
1210,0.540,-0.384,1.575,-2.700,3.892,0.263,-0.335,0.630,-2.542,2.836
1209,-0.026,-0.769,1.116,-3.086,3.433,-0.353,-0.631,-0.007,-2.837,2.200
1208,-0.624,-1.380,0.153,-3.697,2.470,-0.806,-1.087,-0.513,-3.293,1.693
1207,0.297,-0.551,1.504,-2.868,3.821,0.015,-0.204,0.463,-2.411,2.669
1206,0.612,-0.466,2.277,-2.783,4.594,0.693,0.134,1.091,-2.072,3.297
1205,-0.101,-0.961,1.000,-3.278,3.317,-0.580,-0.760,-0.383,-2.966,1.824
1204,0.141,-0.823,1.431,-3.140,3.748,-0.466,-1.013,0.339,-3.219,2.545
1203,0.199,-0.978,1.302,-3.295,3.618,-0.114,-0.823,0.554,-3.030,2.760
1202,-0.238,-1.280,0.794,-3.597,3.111,-0.484,-1.008,0.078,-3.215,2.285
1201,0.150,-1.037,1.298,-3.354,3.615,-0.334,-0.703,0.314,-2.910,2.520
1200,0.224,-1.122,2.054,-3.439,4.371,0.428,-0.151,0.936,-2.357,3.142
1199,-0.490,-1.358,0.823,-3.674,3.140,0.526,0.020,0.961,-2.186,3.167
1198,0.036,-0.761,1.443,-3.077,3.760,0.729,0.068,1.275,-2.138,3.481
1197,0.340,-0.726,1.557,-3.043,3.874,0.295,-0.131,0.757,-2.337,2.963
1196,0.136,-0.728,1.245,-3.045,3.562,0.945,0.439,1.566,-1.768,3.772
1195,0.199,-1.209,1.651,-3.526,3.968,0.880,0.451,1.347,-1.755,3.554
1194,-0.208,-0.857,0.870,-3.174,3.187,0.456,-0.158,0.964,-2.364,3.170
1193,0.027,-0.958,1.553,-3.275,3.869,1.669,0.686,2.271,-1.520,4.477
1192,0.120,-0.538,1.006,-2.855,3.323,1.033,0.420,1.588,-1.786,3.794
1191,0.145,-0.753,1.518,-3.069,3.835,0.973,0.222,1.593,-1.985,3.799
1190,-0.491,-1.456,0.561,-3.773,2.878,-0.061,-0.657,0.315,-2.863,2.522
1189,-0.400,-1.272,0.778,-3.589,3.095,0.657,0.408,0.873,-1.799,3.079
1188,-0.671,-1.366,0.257,-3.683,2.573,0.272,-0.103,0.470,-2.310,2.676
1187,-0.194,-0.925,0.711,-3.241,3.028,0.250,-0.063,0.905,-2.269,3.111
1186,-0.510,-1.222,0.672,-3.539,2.989,1.364,0.908,1.885,-1.298,4.091
1185,-0.121,-0.915,0.915,-3.232,3.231,0.635,0.426,1.150,-1.780,3.356
1184,0.311,-0.523,1.279,-2.840,3.596,0.565,-0.016,1.190,-2.223,3.396
1183,0.211,-0.416,1.524,-2.733,3.841,0.431,0.182,0.896,-2.024,3.103
1182,-0.638,-1.334,0.608,-3.651,2.924,-0.362,-0.643,-0.071,-2.850,2.135
1181,-0.491,-1.501,0.588,-3.818,2.904,-0.152,-0.526,0.156,-2.732,2.363
1180,0.269,-0.569,1.918,-2.886,4.234,0.292,-0.373,1.235,-2.580,3.441
1179,-0.358,-1.089,0.712,-3.405,3.029,-0.008,-0.372,0.578,-2.579,2.785
1178,0.141,-0.716,1.744,-3.033,4.061,0.265,-0.053,0.589,-2.260,2.796
1177,-0.216,-0.865,0.703,-3.181,3.020,-0.292,-0.701,0.006,-2.907,2.213
1176,-0.587,-1.422,1.041,-3.739,3.357,-0.744,-1.177,-0.316,-3.384,1.890
1175,-1.059,-1.906,0.364,-4.222,2.681,-1.008,-1.369,-0.464,-3.575,1.742
1174,-0.525,-1.413,0.806,-3.730,3.123,-0.121,-0.431,0.368,-2.638,2.574
1173,-0.116,-1.204,1.372,-3.521,3.688,-0.266,-0.536,0.243,-2.742,2.449
1172,0.137,-0.658,1.744,-2.975,4.061,0.084,-0.300,0.624,-2.506,2.831
1171,0.226,-0.487,2.300,-2.803,4.616,0.811,0.163,1.516,-2.044,3.722
1170,-0.481,-1.292,1.573,-3.609,3.890,-0.370,-0.811,0.297,-3.017,2.504
1169,-0.293,-1.381,1.777,-3.698,4.094,1.412,0.999,2.131,-1.207,4.337
1168,-0.548,-1.492,1.687,-3.809,4.003,0.300,-0.089,0.939,-2.296,3.145
1167,0.110,-0.661,1.536,-2.978,3.853,0.748,0.510,1.088,-1.697,3.294
1166,-0.145,-1.112,1.708,-3.429,4.024,0.265,-0.285,0.649,-2.492,2.855
1165,0.289,-0.771,1.629,-3.088,3.946,1.331,0.644,1.674,-1.562,3.880
1164,0.031,-0.940,1.168,-3.257,3.484,0.867,0.082,1.318,-2.124,3.524
1163,0.020,-0.846,1.211,-3.162,3.527,0.284,-0.302,0.729,-2.508,2.936
1162,-0.069,-0.793,1.116,-3.110,3.432,0.669,0.144,1.003,-2.062,3.209
1161,-0.617,-1.556,0.347,-3.872,2.664,0.098,-0.316,0.460,-2.522,2.667
1160,-0.415,-1.375,0.517,-3.692,2.833,-0.090,-0.496,0.189,-2.702,2.396
1159,-0.104,-0.848,1.780,-3.165,4.097,0.270,-0.101,0.598,-2.308,2.805
1158,-0.336,-1.219,1.049,-3.536,3.366,0.924,0.415,1.471,-1.791,3.677
1157,0.018,-0.750,1.378,-3.066,3.695,0.185,-0.126,0.594,-2.333,2.800
1156,-0.578,-1.564,1.584,-3.881,3.901,0.832,0.269,1.450,-1.937,3.657
1155,0.096,-0.491,1.105,-2.808,3.421,0.356,-0.030,0.918,-2.236,3.124
1154,-0.556,-1.348,0.454,-3.665,2.771,0.312,0.015,0.662,-2.191,2.869
1153,0.171,-0.454,1.456,-2.771,3.772,1.026,0.578,1.455,-1.628,3.661
1152,0.300,-0.443,1.573,-2.760,3.890,0.751,0.377,1.128,-1.829,3.335
1151,-0.201,-0.810,0.936,-3.127,3.252,0.357,0.039,0.649,-2.168,2.855
1150,-0.768,-1.610,0.420,-3.927,2.737,0.348,-0.084,0.586,-2.291,2.792
1149,0.541,-0.391,2.068,-2.707,4.385,1.952,1.338,2.382,-0.868,4.588
1148,-0.445,-1.116,0.624,-3.432,2.941,0.235,-0.057,0.503,-2.263,2.710
1147,-0.616,-1.272,0.227,-3.589,2.544,-0.725,-1.019,-0.418,-3.225,1.788
1146,-0.780,-1.558,0.254,-3.875,2.571,-0.531,-0.954,-0.171,-3.160,2.035
1145,-0.238,-1.591,0.988,-3.908,3.304,-0.621,-1.083,-0.329,-3.289,1.878
1144,-0.350,-1.044,0.499,-3.361,2.816,-0.117,-0.510,0.159,-2.716,2.365
1143,-0.165,-0.737,0.625,-3.054,2.942,0.233,-0.262,0.504,-2.469,2.710
1142,-0.374,-1.185,0.376,-3.502,2.692,-0.265,-0.575,0.082,-2.782,2.288
1141,-0.715,-1.549,0.419,-3.865,2.735,-0.540,-0.973,-0.018,-3.180,2.188
1140,-0.785,-1.541,0.285,-3.858,2.601,0.187,-0.222,0.555,-2.428,2.762
1139,-0.761,-1.645,0.753,-3.961,3.070,-0.629,-0.969,-0.152,-3.175,2.054
1138,-0.797,-1.560,0.230,-3.876,2.547,-0.443,-0.877,-0.096,-3.083,2.111
1137,-0.882,-1.663,-0.058,-3.979,2.259,-0.699,-1.233,-0.277,-3.439,1.929
1136,-0.292,-1.158,0.827,-3.475,3.144,0.116,-0.272,0.382,-2.479,2.588
1135,-0.973,-1.799,0.072,-4.116,2.388,0.019,-0.281,0.298,-2.487,2.504
1134,-0.979,-1.889,0.328,-4.206,2.644,-0.733,-1.325,-0.416,-3.531,1.791
1133,-0.918,-2.048,0.280,-4.365,2.597,-0.400,-0.839,-0.106,-3.045,2.100
1132,-1.022,-1.948,0.126,-4.265,2.443,-0.478,-1.066,-0.094,-3.272,2.113
1131,-0.437,-1.191,0.461,-3.508,2.778,-0.501,-0.981,-0.085,-3.187,2.122
1130,-0.810,-1.984,0.337,-4.301,2.654,-0.258,-0.603,-0.027,-2.810,2.179
1129,0.164,-0.729,1.518,-3.045,3.835,0.485,-0.021,0.828,-2.227,3.034
1128,-0.524,-1.369,0.392,-3.686,2.709,-0.249,-0.694,0.127,-2.901,2.334
1127,-0.609,-1.491,0.621,-3.807,2.938,-0.248,-0.764,0.079,-2.971,2.285
1126,-1.155,-2.177,0.129,-4.494,2.445,-0.204,-0.626,0.270,-2.832,2.476
1125,-1.446,-2.416,-0.369,-4.732,1.947,-1.519,-1.907,-1.193,-4.113,1.014
1124,-0.777,-1.643,0.458,-3.960,2.775,0.028,-0.456,0.312,-2.662,2.518
1123,-0.668,-1.511,0.420,-3.828,2.737,-0.453,-0.845,-0.174,-3.051,2.033
1122,-0.648,-2.359,0.660,-4.676,2.977,-1.498,-1.933,-0.702,-4.139,1.505
1121,-0.433,-1.480,0.596,-3.797,2.912,0.207,-0.232,0.807,-2.438,3.013
1120,-0.335,-1.548,0.646,-3.865,2.963,-0.567,-0.940,-0.118,-3.146,2.088
1119,-0.341,-1.226,0.728,-3.543,3.044,0.062,-0.416,0.436,-2.622,2.642
1118,0.100,-0.728,0.898,-3.044,3.215,0.254,-0.228,0.746,-2.434,2.952
1117,0.067,-0.870,1.302,-3.187,3.618,-0.599,-1.012,-0.095,-3.219,2.111
1116,-0.295,-1.334,0.732,-3.651,3.049,0.055,-0.311,0.426,-2.517,2.632
1115,-0.528,-1.392,0.372,-3.709,2.689,-0.496,-0.818,-0.118,-3.024,2.089
1114,0.023,-0.792,0.935,-3.109,3.252,0.195,-0.302,1.171,-2.508,3.377
1113,-0.246,-0.985,1.089,-3.302,3.406,0.027,-0.254,0.594,-2.461,2.801
1112,-0.247,-1.468,0.632,-3.785,2.949,-0.597,-1.004,-0.302,-3.211,1.904
1111,0.176,-0.682,0.959,-2.999,3.276,0.018,-0.224,0.204,-2.430,2.410
1110,0.419,-0.481,1.318,-2.798,3.634,0.148,-0.163,0.446,-2.370,2.652
1109,0.168,-0.450,0.876,-2.766,3.192,-0.070,-0.507,0.315,-2.714,2.521
1108,-0.131,-0.683,0.510,-3.000,2.827,0.100,-0.319,0.370,-2.525,2.576
1107,0.008,-0.912,1.161,-3.228,3.478,-0.145,-0.608,0.261,-2.815,2.468
1106,-0.134,-0.924,0.668,-3.241,2.985,0.141,-0.152,0.728,-2.359,2.935
1105,0.498,-0.391,1.257,-2.707,3.573,0.988,0.575,1.443,-1.632,3.649
1104,-0.436,-1.466,0.180,-3.783,2.497,-0.646,-1.035,-0.351,-3.241,1.855
1103,-0.458,-1.373,0.779,-3.689,3.096,-0.398,-0.866,-0.064,-3.073,2.142
1102,-0.315,-1.125,0.476,-3.442,2.793,-0.539,-0.927,0.071,-3.134,2.277
1101,-0.159,-0.621,0.867,-2.938,3.183,0.125,-0.205,0.874,-2.412,3.080
1100,-0.255,-1.083,0.629,-3.400,2.945,0.105,-0.314,0.403,-2.521,2.609
1099,-0.515,-1.058,0.315,-3.374,2.632,-0.393,-0.832,-0.077,-3.038,2.129
1098,-0.604,-1.554,0.440,-3.871,2.757,-0.650,-0.998,-0.281,-3.204,1.925
1097,-0.489,-1.265,0.738,-3.582,3.054,0.160,-0.150,0.492,-2.356,2.698
1096,-0.604,-1.268,0.482,-3.584,2.798,-0.257,-0.736,0.060,-2.942,2.266
1095,-0.275,-0.945,0.829,-3.262,3.145,-0.140,-0.533,0.128,-2.739,2.335
1094,-0.730,-1.687,0.271,-4.004,2.587,-0.367,-0.815,-0.020,-3.021,2.186
1093,0.276,-0.400,1.478,-2.716,3.795,1.020,0.569,1.335,-1.637,3.541
1092,-0.083,-0.680,1.298,-2.997,3.615,0.039,-0.244,0.201,-2.450,2.408
1091,-0.685,-1.700,0.210,-4.017,2.527,0.261,0.022,0.551,-2.184,2.757
1090,-0.613,-1.564,0.365,-3.881,2.682,-0.217,-0.626,-0.034,-2.833,2.172
1089,-0.493,-1.226,0.322,-3.543,2.639,-0.232,-0.595,0.106,-2.802,2.312
1088,-0.582,-1.542,0.322,-3.859,2.638,-0.450,-0.848,-0.193,-3.055,2.013
1087,-0.509,-1.379,0.455,-3.696,2.771,-0.690,-1.152,-0.367,-3.358,1.839
1086,-0.695,-1.536,0.160,-3.853,2.477,-0.059,-0.506,0.194,-2.712,2.401
1085,-0.811,-1.908,0.606,-4.225,2.923,0.478,0.099,0.867,-2.107,3.073
1084,-0.695,-1.713,0.722,-4.030,3.038,-0.257,-0.562,-0.079,-2.769,2.127
1083,-0.454,-1.194,0.642,-3.510,2.959,-0.180,-0.436,0.078,-2.642,2.284
1082,-0.340,-1.376,0.652,-3.693,2.969,-1.391,-1.727,-1.037,-3.933,1.169
1081,-1.475,-2.298,-0.587,-4.615,1.730,-1.725,-2.158,-1.282,-4.365,0.925
1080,-1.094,-2.060,0.003,-4.377,2.320,-1.247,-1.712,-0.626,-3.918,1.580
1079,-0.809,-2.072,1.285,-4.389,3.602,-0.890,-1.272,-0.248,-3.479,1.958
1078,-0.630,-1.321,0.853,-3.637,3.170,-0.384,-0.860,0.167,-3.066,2.373
1077,-0.576,-1.452,1.148,-3.769,3.465,-0.297,-0.752,0.236,-2.959,2.442
1076,-0.820,-1.690,0.595,-4.007,2.912,-0.757,-1.257,-0.264,-3.463,1.942
1075,-1.179,-1.807,-0.166,-4.123,2.150,-1.702,-1.998,-1.305,-4.204,0.901
1074,-0.844,-1.585,0.410,-3.902,2.727,-0.860,-1.251,-0.448,-3.457,1.758
1073,-1.199,-2.074,-0.618,-4.390,1.699,-1.685,-2.195,-0.981,-4.401,1.225
1072,,,,,,-1.579,-1.939,-1.175,-4.145,1.031
1071,,,,,,-1.119,-1.384,-0.886,-3.590,1.321
1070,,,,,,-1.138,-1.440,-0.738,-3.646,1.468
1069,,,,,,-1.280,-1.653,-0.976,-3.859,1.230
1068,,,,,,-0.600,-1.043,-0.328,-3.250,1.878
1067,,,,,,-0.980,-1.719,-0.450,-3.926,1.756
1066,,,,,,-1.258,-1.719,-0.940,-3.925,1.266
1065,,,,,,-1.015,-1.476,-0.603,-3.683,1.603
1064,,,,,,-0.504,-0.974,-0.083,-3.181,2.124
1063,,,,,,-1.088,-1.504,-0.597,-3.710,1.609
1062,,,,,,-1.615,-2.211,-1.163,-4.417,1.043
1061,,,,,,-1.478,-1.742,-1.252,-3.949,0.954
1060,,,,,,-0.630,-1.046,0.002,-3.253,2.209
1059,,,,,,-1.178,-1.798,-0.702,-4.005,1.505
1058,,,,,,-0.836,-1.405,-0.018,-3.612,2.188
1057,,,,,,-1.764,-2.248,-1.445,-4.454,0.762
1056,,,,,,-1.448,-1.955,-1.066,-4.161,1.140
1055,,,,,,-0.940,-1.421,-0.402,-3.627,1.804
1054,,,,,,-1.512,-2.093,-1.121,-4.300,1.086
1053,,,,,,-2.024,-2.600,-1.665,-4.806,0.541
1052,,,,,,-0.641,-1.094,-0.188,-3.300,2.018
1051,,,,,,-1.278,-1.690,-0.871,-3.897,1.335
1050,,,,,,-1.894,-2.151,-1.581,-4.357,0.625
1049,,,,,,-1.931,-2.247,-1.579,-4.453,0.628
