Year_CE,Temp,Min,Max
1,-1.15,-1.92,-0.31
2,-0.96,-1.76,-0.11
3,-0.32,-1.38,0.48
4,0.1,-0.74,0.83
5,-0.18,-1.08,0.73
6,-0.61,-1.17,0.16
7,-1.34,-2.04,-0.49
8,-1.19,-1.99,-0.3
9,-1.05,-1.78,-0.15
10,-0.79,-1.55,0.05
11,-0.68,-1.46,0.1
12,-1.17,-1.82,-0.28
13,-1.09,-1.78,-0.18
14,-0.36,-1.29,0.51
15,-0.82,-1.76,-0.11
16,-1.66,-2.54,-0.81
17,-0.33,-1.2,0.41
18,-2.13,-2.67,-1.25
19,-0.75,-1.61,0.27
20,-0.88,-1.83,-0.05
21,-1.5,-2.35,-0.73
22,-0.49,-1.21,0.31
23,-1.01,-1.67,-0.22
24,-1.19,-1.89,-0.37
25,-1,-1.67,-0.27
26,-1.27,-1.99,-0.36
27,0,-0.84,0.85
28,-0.42,-1.31,0.18
29,-0.84,-1.5,0.02
30,-0.34,-1.06,0.42
31,-0.47,-1.27,0.22
32,-0.28,-1.07,0.41
33,-0.29,-1.18,0.43
34,-0.29,-1.26,0.46
35,0.18,-0.45,1.02
36,-1.12,-1.96,-0.41
37,-0.4,-1.25,0.26
38,-0.62,-1.34,-0.05
39,-0.62,-1.32,0.04
40,-0.78,-1.6,-0.16
41,-0.85,-1.66,-0.2
42,0.16,-0.32,0.96
43,-0.35,-1.14,0.4
44,-0.89,-1.69,-0.19
45,-0.97,-1.65,-0.19
46,-1.56,-2.19,-0.57
47,-1.38,-2.1,-0.47
48,-0.67,-1.5,0.26
49,-0.37,-1.04,0.3
50,-1.01,-1.71,-0.1
51,-1.22,-1.86,-0.46
52,-1.15,-1.85,-0.31
53,-0.77,-1.59,-0.06
54,-0.53,-1.46,0.22
55,-0.79,-1.44,-0.02
56,-1.23,-2.23,-0.31
57,-1.15,-1.87,-0.13
58,-0.44,-1.27,0.29
59,-0.74,-1.49,-0.05
60,-0.37,-1.19,0.42
61,-0.9,-1.58,-0.14
62,-0.89,-1.54,-0.11
63,-1.01,-1.8,-0.34
64,0.37,-0.48,1.14
65,-0.04,-0.84,0.82
66,-0.16,-0.92,0.49
67,-0.44,-1.1,0.32
68,-0.51,-1.2,0.23
69,-0.54,-1.19,0.11
70,-0.04,-1.12,0.69
71,0.51,-0.24,1.17
72,0.48,-0.39,1.25
73,-0.18,-0.92,0.75
74,-0.12,-0.91,0.71
75,-0.13,-0.86,0.64
76,-0.76,-1.48,0.06
77,-0.85,-1.73,0.04
78,-0.38,-1.2,0.25
79,0.56,-0.17,1.46
80,0.13,-0.71,0.9
81,0.15,-0.63,0.84
82,-0.49,-1.36,0.26
83,-0.06,-0.78,0.7
84,-0.6,-1.45,0.11
85,-0.42,-1.15,0.53
86,-0.22,-1.08,0.4
87,-0.91,-1.89,-0.1
88,0.02,-0.72,0.75
89,-0.33,-1.19,0.45
90,-0.3,-1.16,0.39
91,-0.95,-1.83,-0.04
92,-1.43,-1.87,-0.52
93,-0.54,-1.37,-0.04
94,-0.23,-1.11,0.46
95,-0.71,-1.5,-0.21
96,-0.83,-1.89,-0.05
97,-0.86,-1.53,-0.1
98,-1.27,-2.11,-0.52
99,-0.2,-0.88,0.44
100,0.32,-0.41,0.97
101,-1.05,-1.73,-0.09
102,-0.64,-1.29,0.08
103,-0.15,-0.95,0.67
104,-0.52,-1.15,0.2
105,-1.52,-2.27,-0.68
106,-0.91,-1.7,-0.2
107,-0.56,-1.19,0.29
108,-0.8,-1.66,-0.12
109,-0.87,-1.57,-0.16
110,-0.29,-1.09,0.34
111,-0.61,-1.47,0.11
112,-0.43,-1.15,0.26
113,-0.67,-1.46,-0.02
114,-1.12,-1.86,-0.14
115,-0.57,-1.21,0.3
116,-0.11,-0.96,0.66
117,-0.03,-0.98,0.76
118,-0.8,-1.49,-0.05
119,-0.8,-1.73,-0.13
120,-0.09,-0.93,0.85
121,-0.65,-1.48,-0.01
122,-0.19,-0.92,0.68
123,-0.74,-1.57,0.04
124,-0.74,-1.43,0.17
125,-0.03,-0.72,0.69
126,-0.37,-1.23,0.58
127,-0.4,-0.99,0.39
128,-0.69,-1.32,-0.02
129,-0.36,-1.15,0.27
130,-0.08,-0.97,0.64
131,0.33,-0.49,1.11
132,-0.23,-1.08,0.38
133,-0.1,-0.96,0.66
134,-0.87,-1.5,0
135,-0.27,-1,0.32
136,-0.08,-0.76,0.47
137,-0.62,-1.48,0.05
138,-0.34,-1.08,0.37
139,-0.35,-1.1,0.41
140,0.22,-0.66,0.85
141,-0.49,-1.18,0.3
142,-0.25,-0.95,0.54
143,-0.34,-1.07,0.28
144,0.19,-0.85,0.92
145,-0.24,-1.07,0.48
146,-0.78,-1.58,-0.16
147,0.16,-0.73,0.96
148,-0.6,-1.48,0.18
149,-0.03,-0.7,0.76
150,-0.87,-1.54,-0.04
151,-0.6,-1.43,0.03
152,-0.72,-1.51,-0.04
153,-0.89,-1.6,-0.13
154,-1.12,-1.94,-0.37
155,-0.63,-1.33,-0.06
156,-0.03,-0.74,0.66
157,-0.7,-1.39,0.09
158,-0.96,-1.83,-0.06
159,-0.33,-1.06,0.44
160,-0.95,-1.93,-0.28
161,-0.46,-1.45,0.23
162,-0.4,-1.24,0.27
163,-1.72,-2.48,-0.94
164,-1.16,-1.91,-0.31
165,-0.9,-1.66,-0.16
166,-1.32,-2.07,-0.36
167,-1.9,-2.78,-1.03
168,-1.38,-2.19,-0.55
169,-1.88,-2.53,-1.04
170,-1.83,-2.51,-0.93
171,-0.9,-1.6,0
172,-0.84,-1.59,-0.09
173,-0.73,-1.43,-0.08
174,-1.31,-2.12,-0.58
175,-1.2,-2.03,-0.45
176,-0.46,-1.29,0.42
177,-0.9,-1.69,-0.12
178,-0.35,-1.2,0.49
179,-0.59,-1.38,0.16
180,-1.25,-1.83,-0.49
181,-0.79,-1.55,-0.02
182,-1.51,-2.35,-0.79
183,-0.94,-1.49,-0.34
184,-0.92,-1.63,-0.16
185,-1.12,-1.78,-0.43
186,-0.71,-1.37,0.15
187,-0.19,-1.08,0.58
188,-0.6,-1.24,0.2
189,0.05,-0.81,0.83
190,-0.96,-1.75,-0.01
191,-0.15,-1.03,0.62
192,-0.68,-1.46,0.06
193,-0.94,-1.84,-0.07
194,-0.17,-0.96,0.57
195,-0.57,-1.45,0.11
196,-1.06,-1.57,-0.27
197,-0.81,-1.66,-0.17
198,-0.89,-1.63,0.03
199,-0.72,-1.39,-0.06
200,0.24,-0.7,0.93
201,-0.97,-1.74,-0.23
202,-0.38,-1.09,0.59
203,-0.91,-1.74,-0.2
204,-0.25,-1.07,0.56
205,-0.04,-0.8,0.47
206,0.62,-0.14,1.29
207,-0.82,-1.61,0.05
208,-0.77,-1.45,-0.09
209,-0.83,-1.45,0.05
210,-0.61,-1.44,0.14
211,-0.88,-1.6,0.06
212,-0.61,-1.38,0.11
213,-0.55,-1.17,0.12
214,-1.03,-1.89,-0.09
215,-0.89,-1.69,-0.05
216,-0.71,-1.55,0.02
217,-0.72,-1.52,-0.06
218,-1.14,-1.96,-0.41
219,-1.29,-2.18,-0.37
220,-1.34,-2.15,-0.18
221,-1.11,-1.84,-0.32
222,-0.67,-1.48,0.02
223,-0.63,-1.37,0.15
224,-1.36,-2.07,-0.46
225,-1.08,-1.75,-0.39
226,-0.45,-1.22,0.38
227,-0.66,-1.43,0.14
228,-1.1,-1.92,-0.47
229,0.06,-0.63,0.69
230,-1.14,-1.95,-0.35
231,-0.07,-0.88,0.45
232,-0.56,-1.47,0.28
233,-0.74,-1.52,-0.03
234,-0.41,-1.32,0.29
235,-0.62,-1.38,0.21
236,-0.86,-1.62,-0.25
237,-0.94,-1.67,-0.12
238,-0.33,-0.99,0.46
239,-0.68,-1.56,0.01
240,-0.73,-1.58,0.21
241,-0.76,-1.48,0.04
242,-0.29,-1.28,0.55
243,-0.53,-1.4,0.27
244,0.02,-0.62,0.75
245,-0.59,-1.2,0.25
246,0.14,-0.71,1.15
247,-0.02,-0.88,0.72
248,0.03,-0.64,0.74
249,-0.21,-1.03,0.45
250,-0.13,-0.83,0.64
251,-0.75,-1.42,0
252,0.13,-0.72,0.87
253,-0.03,-0.81,0.85
254,-0.9,-1.65,-0.12
255,-0.3,-1.02,0.41
256,-0.01,-0.87,0.82
257,-0.9,-1.51,-0.16
258,-0.39,-1.01,0.38
259,-0.1,-0.76,0.44
260,-0.52,-1.29,0.31
261,-0.47,-1.18,0.15
262,0.14,-0.75,0.66
263,0.31,-0.5,1.05
264,-0.57,-1.28,0.15
265,-0.78,-1.62,-0.06
266,-0.33,-1.09,0.33
267,-0.19,-0.97,0.43
268,-0.87,-1.62,-0.12
269,-0.58,-1.51,0.05
270,0.28,-0.45,0.84
271,-0.37,-1.23,0.25
272,0.02,-0.77,0.78
273,-0.3,-1.09,0.35
274,-0.94,-1.54,-0.23
275,-0.38,-1.2,0.42
276,-0.88,-1.72,-0.15
277,-0.9,-1.5,0.03
278,-0.62,-1.43,0.16
279,-0.4,-1.08,0.27
280,-0.24,-1.02,0.5
281,-0.46,-1.21,0.32
282,0.38,-0.55,0.99
283,0.04,-0.74,0.7
284,0.06,-0.88,0.69
285,-0.65,-1.44,0.15
286,-0.59,-1.35,0.1
287,-0.48,-1.22,0.26
288,-0.58,-1.32,0.29
289,-1.18,-1.79,-0.53
290,-0.44,-1.35,0.25
291,-0.34,-1.25,0.21
292,-0.3,-1.1,0.45
293,-0.95,-1.82,-0.05
294,-1.14,-1.93,-0.43
295,-0.18,-0.98,0.49
296,-0.26,-0.95,0.45
297,-0.97,-1.74,-0.29
298,-0.94,-1.52,-0.19
299,-0.58,-1.19,0.1
300,-0.82,-1.58,-0.07
301,-0.62,-1.57,0.02
302,-0.86,-1.73,-0.13
303,-1.05,-1.74,-0.3
304,-1.04,-1.91,-0.3
305,-0.64,-1.25,0.06
306,-0.54,-1.23,0.1
307,-0.7,-1.48,0.1
308,-0.88,-1.79,-0.18
309,-0.79,-1.68,-0.06
310,-0.41,-1.08,0.36
311,-0.99,-1.57,-0.08
312,-0.87,-1.67,0.03
313,-0.68,-1.36,0.11
314,-0.26,-1,0.43
315,-0.62,-1.43,0.18
316,-0.2,-0.91,0.56
317,-0.74,-1.51,0.03
318,-1.05,-1.93,-0.3
319,-1.1,-1.76,-0.35
320,-0.69,-1.61,0.14
321,-1.26,-2.03,-0.5
322,-0.99,-1.68,-0.33
323,-1.15,-2.03,-0.33
324,0.36,-0.22,1.18
325,-0.24,-1.06,0.49
326,-0.33,-1.11,0.31
327,0.2,-0.61,0.94
328,-0.68,-1.37,0.08
329,-0.96,-1.55,-0.26
330,-0.68,-1.34,0.13
331,-0.06,-0.85,0.72
332,0.15,-0.61,0.99
333,0.35,-0.48,1.43
334,-0.01,-0.82,0.77
335,-0.47,-1.35,0.15
336,0.05,-0.73,0.98
337,-0.91,-1.63,-0.15
338,-0.83,-1.61,-0.09
339,-0.89,-1.63,0.04
340,-1.17,-1.94,-0.38
341,-1.58,-2.2,-0.59
342,-1.18,-1.86,-0.36
343,-1.2,-1.96,-0.56
344,-0.58,-1.52,0
345,-0.99,-1.65,-0.09
346,-0.72,-1.68,0.07
347,-0.71,-1.27,0.07
348,0.39,-0.31,1.26
349,-0.47,-1.17,0.34
350,-0.62,-1.52,0.06
351,-1.55,-2.31,-0.81
352,-0.47,-1.26,0.48
353,0.35,-0.43,0.89
354,-0.04,-0.86,0.71
355,-0.01,-0.57,0.69
356,-0.52,-1.22,0.11
357,-0.6,-1.49,0.04
358,-0.38,-0.95,0.42
359,-1.46,-2.16,-0.69
360,0,-0.99,0.55
361,0.07,-0.9,0.81
362,-0.82,-1.59,-0.06
363,0.27,-0.64,0.83
364,-1.07,-1.75,-0.41
365,-0.3,-1,0.44
366,-0.52,-1.23,0.38
367,-0.58,-1.42,0.14
368,-0.82,-1.66,-0.12
369,-0.84,-1.55,0.02
370,0.26,-0.56,1.1
371,-0.56,-1.26,0.12
372,-0.81,-1.59,-0.08
373,-0.17,-0.92,0.69
374,-0.55,-1.25,0.07
375,0.19,-0.67,0.86
376,-0.43,-1.27,0.33
377,-0.33,-1.13,0.3
378,-0.21,-1.09,0.46
379,-0.72,-1.55,0.02
380,-0.7,-1.48,0.08
381,-0.25,-0.89,0.42
382,-0.49,-1.41,0.2
383,-0.75,-1.48,-0.01
384,0.56,-0.22,1.22
385,0.65,-0.22,1.37
386,0.49,-0.46,1.26
387,-0.88,-1.36,0
388,-0.24,-0.99,0.58
389,-0.41,-1.24,0.31
390,-0.64,-1.31,-0.12
391,0.45,-0.48,1.13
392,0.13,-0.72,0.88
393,-0.91,-1.52,-0.15
394,-0.64,-1.3,0.11
395,-0.71,-1.57,0.23
396,-0.67,-1.33,0.06
397,-1.21,-1.86,-0.36
398,-0.47,-1.15,0.17
399,-0.28,-1.05,0.51
400,-0.05,-0.77,0.48
401,0.14,-0.73,0.84
402,0.27,-0.52,0.87
403,0.48,-0.23,1.28
404,-0.21,-0.94,0.4
405,-0.53,-1.22,0.26
406,0.02,-0.83,0.78
407,-0.47,-1.09,0.27
408,0.21,-0.49,0.94
409,-0.11,-0.89,0.76
410,-0.34,-1.1,0.56
411,-0.14,-0.95,0.44
412,0.73,-0.06,1.44
413,-0.87,-1.65,-0.07
414,-0.87,-1.55,-0.07
415,0.16,-0.64,0.66
416,-0.16,-0.78,0.49
417,-0.16,-0.97,0.54
418,-0.21,-0.93,0.59
419,-0.13,-0.8,0.61
420,-0.55,-1.39,0.27
421,-1.29,-2.17,-0.58
422,-0.46,-1.2,0.15
423,-0.21,-0.9,0.44
424,-0.43,-1.26,0.37
425,-0.72,-1.38,0.01
426,-1.57,-2.2,-0.71
427,-0.48,-1.17,0.27
428,-0.09,-0.96,0.58
429,-0.44,-1.12,0.22
430,-0.49,-1.26,0.34
431,-0.82,-1.46,-0.28
432,-0.4,-1.27,0.63
433,-0.23,-0.93,0.55
434,-1.44,-2.05,-0.86
435,0,-0.7,0.92
436,-0.27,-1.25,0.39
437,0.22,-0.68,0.91
438,-0.35,-1.12,0.27
439,-0.96,-1.49,-0.07
440,-0.81,-1.79,0.05
441,-0.39,-1.04,0.28
442,-0.32,-0.91,0.32
443,-0.63,-1.34,0.28
444,-0.71,-1.35,0.19
445,-0.37,-1.3,0.18
446,-0.88,-1.48,0.01
447,-1.85,-2.44,-1.01
448,-0.51,-1.16,0.22
449,-1.03,-1.76,-0.3
450,-0.91,-1.63,-0.27
451,-0.39,-1.06,0.35
452,-1.41,-2.07,-0.56
453,-0.58,-1.19,0.03
454,-0.7,-1.42,-0.01
455,-0.33,-0.98,0.39
456,-0.83,-1.4,0
457,-0.18,-1,0.48
458,-0.4,-1.05,0.29
459,-0.66,-1.33,-0.05
460,-1.33,-2.04,-0.41
461,-0.51,-1.37,0.04
462,-0.37,-1.14,0.56
463,-0.52,-1.15,0.18
464,-0.61,-1.38,0.17
465,-0.62,-1.22,0.2
466,-0.8,-1.5,-0.1
467,-0.97,-1.62,-0.35
468,-0.65,-1.55,0.36
469,-1.08,-1.64,-0.3
470,-0.9,-1.61,-0.21
471,-0.49,-1.23,0.28
472,-0.65,-1.45,-0.03
473,-1.43,-2.18,-0.61
474,-1.45,-1.97,-0.66
475,-1.16,-1.85,-0.29
476,-1.09,-1.86,-0.32
477,-0.97,-1.57,-0.15
478,-0.54,-1.34,0.18
479,-0.45,-1.19,0.29
480,-0.92,-1.57,-0.2
481,-0.92,-1.77,-0.16
482,-0.94,-1.66,-0.06
483,-0.63,-1.22,-0.03
484,-0.34,-0.98,0.35
485,-0.59,-1.58,0.13
486,-0.55,-1.23,0.02
487,-0.1,-0.79,0.75
488,-0.92,-1.76,-0.26
489,-0.4,-1.08,0.21
490,-0.06,-0.73,0.65
491,-0.03,-0.75,0.79
492,-0.97,-1.59,-0.35
493,-0.52,-1.16,0.11
494,0,-0.79,0.61
495,-1.05,-1.9,-0.4
496,-0.28,-0.88,0.47
497,-0.49,-1.11,0.3
498,-0.44,-1.29,0.28
499,-0.73,-1.32,0
500,-0.91,-1.76,-0.15
501,-1.21,-1.95,-0.38
502,-0.68,-1.3,0.02
503,-0.97,-1.47,-0.13
504,-0.72,-1.46,0
505,-1.25,-1.97,-0.46
506,-1.05,-1.7,-0.41
507,-0.57,-1.36,0.06
508,-1,-1.72,-0.25
509,-0.88,-1.66,-0.31
510,-0.52,-1.19,0.22
511,-0.69,-1.44,-0.04
512,-1.44,-2,-0.53
513,-0.45,-1.12,0.2
514,-0.37,-1.22,0.28
515,-0.56,-1.17,0.2
516,-0.16,-0.8,0.51
517,-0.87,-1.59,-0.15
518,-0.33,-1.05,0.27
519,-0.31,-0.94,0.31
520,-0.45,-1.19,0.07
521,-0.43,-1.2,0.09
522,-1.49,-2.23,-0.82
523,-1.22,-1.7,-0.4
524,-0.49,-1.34,0.19
525,-0.04,-0.82,0.57
526,-0.76,-1.33,-0.13
527,-0.61,-1.17,0.18
528,-0.61,-1.2,0.01
529,-0.4,-1.09,0.23
530,-1.05,-1.62,-0.5
531,-0.95,-1.61,-0.3
532,-0.97,-1.67,-0.18
533,-1.32,-1.99,-0.74
534,-1.02,-1.55,-0.33
535,-0.33,-0.95,0.28
536,-1.9,-2.78,-1.01
537,-0.89,-1.54,-0.19
538,-1.71,-2.49,-1
539,-1.04,-1.77,-0.33
540,-1.01,-1.62,-0.19
541,-1.61,-2.23,-0.8
542,-1.02,-1.85,-0.34
543,-0.96,-1.55,-0.25
544,-1.36,-2.12,-0.67
545,-0.97,-1.46,-0.17
546,-0.94,-1.48,-0.32
547,-0.77,-1.63,-0.1
548,0.17,-0.73,0.78
549,0.05,-0.75,0.58
550,0.25,-0.6,0.8
551,-0.75,-1.38,0.03
552,-0.52,-1.28,0.12
553,-0.09,-0.81,0.59
554,-0.61,-1.25,-0.05
555,-0.18,-1.07,0.49
556,0.15,-0.63,0.83
557,-0.17,-0.68,0.5
558,-0.63,-1.27,0
559,-0.39,-1.1,0.24
560,-0.68,-1.44,-0.06
561,-0.32,-1.06,0.35
562,-0.72,-1.42,0
563,-0.82,-1.52,-0.25
564,-0.63,-1.21,0.11
565,-0.64,-1.37,0.05
566,-1.14,-1.7,-0.41
567,-0.52,-1.32,0.18
568,-0.48,-1.26,0.26
569,-0.18,-0.98,0.46
570,-0.76,-1.34,0.02
571,-0.96,-1.72,-0.27
572,-0.67,-1.22,0.03
573,-0.87,-1.55,-0.09
574,-0.49,-0.96,0.16
575,-1.09,-1.85,-0.31
576,-1.45,-2.11,-0.67
577,-1.18,-1.73,-0.46
578,-0.55,-1.16,0.1
579,-0.43,-1.23,0.31
580,-0.28,-0.96,0.44
581,-0.31,-0.88,0.53
582,-1.65,-2.31,-0.89
583,-0.7,-1.34,-0.04
584,-0.68,-1.48,-0.05
585,-0.6,-1.36,0.12
586,-0.23,-0.85,0.29
587,-0.26,-1.11,0.62
588,-0.63,-1.08,0.02
589,-1.21,-1.93,-0.31
590,-0.62,-1.29,-0.07
591,-0.59,-1.36,-0.07
592,0.74,-0.18,1.19
593,0.17,-0.52,0.78
594,-0.2,-0.82,0.39
595,0.19,-0.56,0.8
596,-0.69,-1.3,-0.14
597,-0.2,-1.02,0.23
598,-0.8,-1.5,0.02
599,-0.81,-1.75,-0.26
600,-0.39,-0.94,0.3
601,-0.19,-0.95,0.47
602,-0.63,-1.31,0.02
603,-1.42,-2.14,-0.67
604,-1.21,-1.82,-0.39
605,-0.68,-1.33,0.15
606,-0.43,-0.98,0.26
607,-1.44,-2.1,-0.72
608,-1.92,-2.51,-1.14
609,-0.92,-1.53,-0.35
610,-1.35,-2.04,-0.71
611,-1.05,-1.73,-0.39
612,-1.15,-1.79,-0.45
613,-1.04,-1.65,-0.35
614,-0.42,-1.15,0.17
615,-1.43,-1.99,-0.6
616,-0.33,-1.04,0.31
617,-0.35,-0.97,0.29
618,-1.05,-1.68,-0.45
619,-0.99,-1.73,-0.32
620,-0.59,-1.28,0.03
621,-1.51,-2.02,-0.72
622,-0.61,-1.2,-0.07
623,-0.4,-1.41,0.34
624,-0.56,-1.31,0.19
625,-0.15,-0.85,0.41
626,-0.51,-1.12,0.07
627,-0.85,-1.53,-0.21
628,-1.32,-1.76,-0.69
629,-0.48,-1.31,0.13
630,-0.2,-1.02,0.37
631,-0.21,-0.95,0.4
632,0.14,-0.55,0.6
633,-0.49,-1.18,0.19
634,-0.48,-1.2,0.2
635,-0.07,-0.8,0.55
636,-0.55,-1.22,0.26
637,-0.96,-1.64,-0.44
638,-0.88,-1.37,-0.18
639,-0.26,-0.92,0.45
640,-0.64,-1.41,-0.06
641,-0.89,-1.43,-0.27
642,-1.49,-2.12,-0.8
643,-0.9,-1.52,-0.12
644,-1,-1.89,-0.22
645,-0.34,-1.01,0.38
646,-1.62,-2.41,-0.98
647,-1.76,-2.41,-0.99
648,-1.26,-2.04,-0.65
649,-1.27,-1.99,-0.56
650,-1.35,-2.12,-0.54
651,-1.03,-1.63,-0.44
652,-0.29,-1.12,0.45
653,-0.97,-1.61,-0.28
654,-1.09,-1.6,-0.4
655,-1.02,-1.72,-0.23
656,-0.61,-1.22,0.11
657,-0.08,-0.67,0.46
658,0.13,-0.69,0.74
659,-0.52,-1.19,0.18
660,-0.96,-1.57,-0.28
661,-1.16,-1.84,-0.29
662,-1.65,-2.15,-0.81
663,-1.89,-2.59,-0.89
664,-0.95,-1.48,-0.21
665,-1.17,-1.84,-0.54
666,-0.75,-1.48,0
667,-1.05,-1.7,-0.29
668,-0.9,-1.5,-0.16
669,-1.13,-1.72,-0.39
670,-0.8,-1.61,-0.08
671,-1.14,-1.88,-0.23
672,-1.55,-2.21,-0.85
673,-0.81,-1.32,-0.15
674,-1.05,-1.66,-0.41
675,-1.14,-1.97,-0.42
676,-1.26,-1.98,-0.21
677,-1.6,-2.23,-0.8
678,-2.4,-3.03,-1.66
679,-2.16,-2.72,-1.31
680,-1.79,-2.34,-0.96
681,-1.03,-1.67,-0.3
682,-2.19,-2.99,-1.43
683,-1.67,-2.4,-0.94
684,-2.44,-2.93,-1.52
685,-0.83,-1.41,-0.27
686,-0.6,-1.13,-0.02
687,-1.63,-2.28,-1.07
688,-1.27,-1.98,-0.51
689,-1.01,-2.03,-0.26
690,-0.63,-1.28,0.21
691,-0.99,-1.66,-0.4
692,-0.96,-1.53,-0.3
693,-1.65,-2.19,-0.99
694,-0.25,-1.09,0.35
695,-0.86,-1.5,-0.24
696,-0.29,-1,0.35
697,-0.92,-1.49,-0.21
698,-0.65,-1.24,0.14
699,-0.57,-1.36,0.25
700,-1.33,-1.98,-0.54
701,-0.63,-1.2,0.02
702,-1.23,-1.8,-0.41
703,-0.61,-1.26,0.12
704,-1.31,-1.92,-0.67
705,-1.1,-1.89,-0.37
706,-1.06,-1.65,-0.19
707,-0.95,-1.63,-0.28
708,-0.18,-0.83,0.65
709,-1.3,-2.08,-0.68
710,-0.65,-1.42,-0.04
711,-0.62,-1.25,0.04
712,-0.74,-1.57,-0.09
713,-0.43,-0.98,0.24
714,-0.44,-1.02,0.2
715,-0.18,-0.77,0.49
716,-1.18,-1.85,-0.46
717,-1.07,-1.7,-0.47
718,-1.21,-1.96,-0.49
719,-1.02,-1.76,-0.3
720,-1.39,-2.1,-0.64
721,-1.79,-2.46,-1.08
722,-1.25,-1.9,-0.51
723,-1.36,-1.99,-0.82
724,-1.55,-2.08,-0.84
725,-0.94,-1.62,-0.25
726,-0.78,-1.42,0.11
727,-0.83,-1.35,-0.24
728,-0.5,-1.23,0.14
729,-1,-1.8,-0.33
730,-0.52,-1.22,0.15
731,-0.37,-0.98,0.36
732,-1.02,-1.51,-0.35
733,-0.7,-1.46,-0.13
734,-0.67,-1.36,-0.07
735,-0.39,-1.07,0.38
736,-0.98,-1.55,-0.28
737,-1.04,-1.89,-0.42
738,-1.08,-1.68,-0.57
739,-1.09,-1.77,-0.53
740,-1.46,-2.19,-0.75
741,-0.49,-1.01,0.08
742,-0.64,-1.34,0.08
743,-1.29,-1.91,-0.63
744,-1.24,-1.79,-0.57
745,-1.06,-1.68,-0.39
746,-1.17,-1.91,-0.48
747,-1.39,-1.95,-0.71
748,0,-0.62,0.53
749,-0.55,-1.17,0.21
750,-0.94,-1.53,-0.12
751,-0.73,-1.55,0.05
752,-1.51,-2.24,-0.7
753,-0.43,-1.08,0.2
754,-0.66,-1.35,-0.15
755,-0.5,-1.27,0.08
756,-1.38,-1.9,-0.68
757,-1.93,-2.48,-1.3
758,-0.86,-1.51,-0.35
759,-0.38,-1.02,0.16
760,-1.35,-1.94,-0.72
761,-1.09,-1.71,-0.39
762,-1.11,-1.65,-0.58
763,-0.34,-0.95,0.39
764,-0.01,-0.85,0.65
765,-0.39,-0.99,0.24
766,-0.9,-1.61,-0.31
767,-0.98,-1.73,-0.41
768,-0.27,-0.8,0.49
769,-0.48,-1.04,0.12
770,-0.4,-1.11,0.27
771,-0.81,-1.55,-0.19
772,-0.72,-1.36,-0.15
773,-0.39,-1.04,0.24
774,-0.83,-1.52,-0.09
775,-0.54,-1.23,0.12
776,-0.76,-1.28,-0.04
777,-1.03,-1.68,-0.37
778,-0.85,-1.68,-0.08
779,-0.89,-1.56,-0.27
780,-1.19,-1.78,-0.59
781,-0.83,-1.39,-0.17
782,-0.73,-1.34,-0.01
783,-1.19,-1.81,-0.42
784,-1.18,-1.77,-0.54
785,-0.6,-1.29,0.01
786,-0.25,-0.9,0.46
787,-0.72,-1.23,-0.17
788,-1.17,-1.74,-0.52
789,-1.11,-1.63,-0.5
790,0.13,-0.45,0.73
791,-0.65,-1.34,0
792,-0.21,-0.92,0.46
793,-0.66,-1.19,-0.11
794,-1.4,-1.91,-0.65
795,-1.28,-1.86,-0.61
796,-0.9,-1.56,-0.28
797,-0.87,-1.31,-0.28
798,-0.44,-1.21,0.15
799,-0.48,-1.35,0.06
800,-1.58,-2.22,-0.84
801,-1.05,-1.49,-0.25
802,-1.43,-1.96,-0.85
803,-1.54,-2.17,-0.95
804,-1.69,-2.22,-0.92
805,-0.95,-1.53,-0.35
806,-1.02,-1.69,-0.39
807,-0.68,-1.16,0.01
808,-0.57,-1.13,0.16
809,-0.8,-1.47,-0.14
810,-1.44,-1.91,-0.76
811,-1.15,-1.73,-0.45
812,-1.25,-1.66,-0.61
813,-0.6,-1.21,0
814,-1.19,-1.64,-0.54
815,-0.96,-1.64,-0.38
816,-0.64,-1.48,0.09
817,-0.4,-1.09,0.24
818,-0.71,-1.38,-0.14
819,-0.41,-1.2,0.07
820,-0.51,-1.07,0.09
821,-0.66,-1.41,-0.11
822,-0.26,-0.98,0.35
823,-0.32,-0.94,0.3
824,-0.93,-1.42,-0.31
825,-0.76,-1.52,0
826,-2.02,-2.46,-1.19
827,-0.91,-1.58,-0.14
828,-0.18,-0.97,0.41
829,-1.21,-1.87,-0.53
830,-1.11,-1.67,-0.5
831,-1.47,-2.08,-0.88
832,-0.93,-1.47,-0.33
833,-0.61,-1.23,0.04
834,-0.72,-1.33,-0.23
835,-0.52,-0.98,0.02
836,-0.91,-1.41,-0.16
837,-0.88,-1.52,-0.29
838,-0.84,-1.33,-0.2
839,-1.22,-1.71,-0.56
840,-0.61,-1.17,0.01
841,-0.69,-1.28,-0.03
842,-0.58,-1.21,0.04
843,-0.18,-0.9,0.42
844,-0.59,-1.17,0.02
845,-0.95,-1.51,-0.35
846,-1.3,-1.94,-0.7
847,-0.93,-1.54,-0.4
848,-1.05,-1.61,-0.38
849,-0.94,-1.61,-0.38
850,-0.49,-1.17,0.12
851,-1.02,-1.62,-0.3
852,-1.18,-1.77,-0.49
853,-1.05,-1.62,-0.34
854,-2.01,-2.58,-1.36
855,-0.48,-1.19,0.03
856,-0.95,-1.49,-0.27
857,-1.3,-1.84,-0.67
858,-0.85,-1.55,-0.24
859,-0.82,-1.38,-0.15
860,-1.21,-1.7,-0.53
861,-0.77,-1.3,0.02
862,-1.15,-1.8,-0.43
863,-0.71,-1.5,-0.07
864,-1.14,-1.63,-0.57
865,-1.5,-2,-0.84
866,-0.75,-1.24,-0.14
867,-1.19,-1.84,-0.55
868,-1.3,-1.88,-0.57
869,-1.08,-1.69,-0.45
870,-0.57,-1.14,0.1
871,-0.46,-1.04,0.18
872,-0.44,-1.06,0.04
873,-0.34,-0.87,0.28
874,-0.62,-1.23,0.04
875,-1.19,-1.6,-0.6
876,-0.71,-1.25,-0.21
877,-0.68,-1.34,-0.12
878,-0.53,-1.17,0.1
879,-0.39,-0.91,0.23
880,-0.33,-0.9,0.17
881,-1.13,-1.63,-0.42
882,-0.61,-1.31,-0.02
883,-1.09,-1.54,-0.5
884,-1.09,-1.57,-0.37
885,-0.64,-1.22,-0.2
886,-0.83,-1.27,-0.3
887,-0.29,-0.91,0.28
888,-1.31,-1.76,-0.71
889,-0.75,-1.23,-0.07
890,-0.63,-1.18,0.02
891,-0.63,-1.07,-0.06
892,-0.96,-1.56,-0.52
893,-0.97,-1.54,-0.4
894,-0.45,-1.09,0.11
895,-0.27,-0.95,0.34
896,-0.22,-0.89,0.28
897,-0.47,-1.1,0.08
898,-1.01,-1.62,-0.25
899,-0.23,-0.79,0.33
900,-1.02,-1.6,-0.46
901,-0.86,-1.41,-0.22
902,-0.59,-1.22,-0.06
903,-1.23,-1.72,-0.66
904,-0.83,-1.41,-0.32
905,-0.98,-1.57,-0.38
906,-0.57,-1.18,0.07
907,-1.09,-1.66,-0.53
908,-0.84,-1.36,-0.26
909,-1.11,-1.68,-0.51
910,-0.89,-1.46,-0.28
911,-0.35,-0.9,0.23
912,-0.66,-1.23,-0.14
913,-1.19,-1.68,-0.51
914,-1.19,-1.71,-0.61
915,-0.62,-1.16,-0.05
916,-1.67,-2.31,-1.03
917,-1.08,-1.64,-0.52
918,-0.99,-1.56,-0.39
919,-0.49,-1.03,-0.01
920,-0.6,-1.21,0.02
921,-0.69,-1.4,-0.04
922,-1.24,-1.75,-0.52
923,-1.24,-1.98,-0.58
924,-0.72,-1.15,-0.09
925,-0.78,-1.38,-0.32
926,-0.61,-1.11,-0.11
927,-0.98,-1.56,-0.4
928,-0.51,-1.18,-0.02
929,-0.1,-0.65,0.51
930,-0.59,-1.16,-0.07
931,-0.52,-1.02,0.05
932,0.19,-0.43,0.61
933,0.13,-0.37,0.62
934,-0.46,-1.08,0.11
935,-0.21,-0.64,0.48
936,-0.86,-1.5,-0.2
937,-0.7,-1.14,-0.16
938,-0.14,-1.03,0.51
939,0.3,-0.34,0.99
940,-1.69,-2.18,-0.93
941,-0.91,-1.52,-0.3
942,-0.41,-0.93,0.06
943,-0.78,-1.32,-0.16
944,-0.46,-0.99,0.01
945,-0.63,-1.14,-0.11
946,-0.21,-0.76,0.41
947,-0.75,-1.22,-0.14
948,-0.6,-1.19,-0.04
949,-0.22,-0.81,0.34
950,-0.63,-1.18,0.01
951,-0.74,-1.37,-0.2
952,-0.62,-1.11,-0.04
953,-0.01,-0.72,0.57
954,-0.53,-1.14,0.12
955,-0.5,-1.13,0.02
956,-0.63,-1.33,-0.11
957,-0.17,-0.81,0.32
958,-0.23,-0.85,0.33
959,-0.44,-0.95,0.09
960,-0.42,-0.92,0.33
961,-0.55,-1.08,0.14
962,-0.27,-0.84,0.22
963,-0.07,-0.7,0.47
964,-0.41,-1.04,0.11
965,-0.56,-1.42,0.05
966,-0.39,-1.16,0.18
967,-0.44,-0.95,0.2
968,-0.41,-1.12,0.11
969,-0.39,-0.93,0.04
970,-0.74,-1.31,-0.18
971,-0.94,-1.44,-0.35
972,-0.77,-1.33,-0.23
973,-0.85,-1.4,-0.12
974,-0.46,-0.92,0.16
975,-1.08,-1.5,-0.59
976,-1.19,-1.78,-0.55
977,-0.09,-0.71,0.53
978,0.14,-0.5,0.67
979,-0.65,-1.02,-0.01
980,-0.3,-1.03,0.24
981,-1.1,-1.65,-0.5
982,-1,-1.41,-0.27
983,-0.46,-0.98,0.12
984,-1.32,-1.87,-0.6
985,-1.1,-1.63,-0.56
986,-0.07,-0.75,0.48
987,-0.87,-1.42,-0.39
988,-0.65,-1.09,0
989,-0.3,-0.96,0.31
990,0.09,-0.53,0.64
991,-0.36,-0.92,0.24
992,0.2,-0.38,0.85
993,-0.31,-1.04,0.51
994,-0.14,-0.72,0.44
995,0.01,-0.65,0.35
996,-0.54,-1.09,-0.1
997,-0.49,-1.06,0.26
998,0.26,-0.37,0.82
999,-0.16,-0.81,0.28
1000,0.1,-0.53,0.56
1001,-0.7,-1.15,-0.13
1002,-0.63,-1.25,-0.07
1003,-0.65,-1.24,-0.09
1004,-0.31,-0.75,0.25
1005,-0.09,-0.67,0.39
1006,0.01,-0.52,0.61
1007,-0.67,-1.27,-0.02
1008,-1.05,-1.65,-0.38
1009,-0.46,-1.05,0.1
1010,-0.64,-1.15,0.09
1011,-1.43,-1.96,-0.65
1012,-0.78,-1.36,-0.19
1013,-0.73,-1.24,-0.01
1014,-0.79,-1.26,-0.18
1015,-0.36,-0.92,0.09
1016,-0.04,-0.47,0.52
1017,-0.36,-0.8,0.32
1018,-0.28,-0.91,0.21
1019,-0.55,-1.04,-0.05
1020,-0.26,-0.94,0.21
1021,-0.59,-1.23,-0.07
1022,-0.33,-0.99,0.3
1023,-0.77,-1.17,-0.26
1024,-0.84,-1.59,-0.22
1025,-0.33,-1.09,0.2
1026,-0.38,-0.97,0.1
1027,-0.56,-1.12,-0.08
1028,-0.93,-1.43,-0.31
1029,-0.88,-1.47,-0.15
1030,-0.36,-0.89,0.13
1031,-0.66,-1.21,-0.12
1032,-0.68,-1.4,-0.04
1033,-0.17,-0.96,0.4
1034,-0.63,-1.23,-0.07
1035,-0.78,-1.44,-0.17
1036,0.06,-0.66,0.5
1037,-0.58,-1.14,-0.03
1038,-0.33,-0.89,0.09
1039,-0.36,-0.89,0.12
1040,-0.67,-1.39,-0.05
1041,-1.05,-1.46,-0.32
1042,-1.31,-1.81,-0.59
1043,-0.49,-1.07,0.14
1044,-0.76,-1.33,-0.08
1045,-1.43,-1.84,-0.91
1046,-1.13,-1.71,-0.53
1047,-0.98,-1.48,-0.45
1048,-0.86,-1.36,-0.29
1049,-0.55,-0.97,-0.06
1050,-0.79,-1.4,-0.27
1051,-1.08,-1.57,-0.53
1052,-1.23,-1.75,-0.67
1053,-0.41,-0.87,0.12
1054,-0.7,-1.34,-0.16
1055,-1.02,-1.5,-0.44
1056,-0.7,-1.35,-0.08
1057,-0.7,-1.16,0.02
1058,-1.34,-1.95,-0.81
1059,-0.98,-1.63,-0.39
1060,-1.03,-1.55,-0.5
1061,0.14,-0.66,0.69
1062,-0.38,-0.89,0.26
1063,-0.33,-0.84,0.16
1064,-0.77,-1.41,-0.17
1065,-0.75,-1.33,-0.12
1066,-0.14,-0.74,0.38
1067,-0.61,-1.28,-0.09
1068,-1.14,-1.53,-0.58
1069,-0.94,-1.4,-0.28
1070,-0.83,-1.36,-0.32
1071,-1.08,-1.74,-0.5
1072,-0.65,-1.19,-0.27
1073,-0.23,-0.86,0.31
1074,-0.51,-1.04,-0.01
1075,-0.41,-1.08,0.17
1076,-0.6,-1.22,0.01
1077,-0.94,-1.53,-0.44
1078,-0.96,-1.51,-0.35
1079,-0.81,-1.34,-0.35
1080,-0.66,-1.16,-0.05
1081,-0.05,-0.69,0.61
1082,-0.1,-0.77,0.4
1083,-0.44,-1.07,0.12
1084,-0.08,-0.83,0.38
1085,-0.61,-1.1,-0.07
1086,0.24,-0.62,0.82
1087,-0.17,-0.72,0.45
1088,-0.56,-1.14,0.2
1089,-0.4,-1.03,0.21
1090,-0.84,-1.33,-0.28
1091,-0.87,-1.35,-0.35
1092,-1.07,-1.41,-0.53
1093,-0.36,-0.88,0.16
1094,-0.81,-1.41,-0.17
1095,-0.14,-0.68,0.43
1096,-0.99,-1.42,-0.28
1097,-1.05,-1.71,-0.41
1098,-0.88,-1.37,-0.32
1099,-0.86,-1.36,-0.25
1100,-0.35,-0.91,0.21
1101,-1.49,-2.06,-0.85
1102,-0.53,-0.92,0.02
1103,-0.19,-0.76,0.36
1104,-0.08,-0.63,0.46
1105,-0.46,-1.08,0.06
1106,0.07,-0.61,0.56
1107,-0.26,-0.87,0.2
1108,-0.89,-1.46,-0.35
1109,-0.83,-1.39,-0.18
1110,-1.85,-2.37,-1.21
1111,-1.25,-1.77,-0.49
1112,-0.95,-1.41,-0.28
1113,-0.66,-1.25,-0.1
1114,-0.58,-1.21,0.04
1115,-0.99,-1.49,-0.48
1116,-0.69,-1.21,-0.11
1117,-0.74,-1.37,-0.22
1118,-1.18,-1.69,-0.47
1119,-1.27,-1.8,-0.65
1120,-0.98,-1.51,-0.45
1121,-1.43,-1.82,-0.78
1122,-0.51,-1.19,0.02
1123,-0.9,-1.43,-0.32
1124,-1.1,-1.64,-0.47
1125,-1.36,-1.76,-0.81
1126,-0.88,-1.47,-0.33
1127,-1.14,-1.7,-0.53
1128,-1.1,-1.64,-0.51
1129,-1.03,-1.62,-0.46
1130,-1.2,-1.53,-0.69
1131,-0.55,-1.11,-0.07
1132,-0.63,-1.3,-0.02
1133,-0.83,-1.39,-0.25
1134,-0.63,-1.3,-0.15
1135,-0.68,-1.24,-0.03
1136,-0.93,-1.51,-0.37
1137,-0.47,-1.01,0.19
1138,-0.59,-1.18,0.04
1139,-0.91,-1.42,-0.4
1140,-1.06,-1.49,-0.34
1141,0.01,-0.69,0.59
1142,-0.2,-0.74,0.28
1143,-0.13,-0.72,0.37
1144,-0.32,-0.83,0.07
1145,-0.56,-1.07,0.07
1146,-0.56,-1.17,0.12
1147,-0.22,-0.92,0.29
1148,-0.54,-1.24,-0.01
1149,-0.86,-1.29,-0.33
1150,-0.67,-1.21,-0.2
1151,-1.24,-1.81,-0.6
1152,-0.99,-1.59,-0.36
1153,-0.49,-1,0.09
1154,-1.32,-1.83,-0.63
1155,-0.66,-1.2,-0.09
1156,-1.02,-1.6,-0.5
1157,-1.14,-1.85,-0.55
1158,-0.98,-1.46,-0.33
1159,-0.74,-1.26,-0.12
1160,-0.54,-1.11,0.01
1161,-0.81,-1.29,-0.31
1162,-0.4,-1.09,0.14
1163,-0.25,-0.83,0.39
1164,-0.85,-1.49,-0.15
1165,-0.91,-1.49,-0.34
1166,-0.96,-1.52,-0.33
1167,-0.97,-1.65,-0.44
1168,-0.64,-1.15,0
1169,-0.83,-1.27,-0.17
1170,-0.79,-1.24,-0.26
1171,-1.31,-1.85,-0.84
1172,-1.15,-1.84,-0.46
1173,-1.06,-1.58,-0.37
1174,-0.91,-1.48,-0.37
1175,-0.36,-0.93,0.1
1176,-0.44,-0.99,0.02
1177,-0.81,-1.32,-0.32
1178,-0.91,-1.48,-0.47
1179,-1.56,-1.92,-0.93
1180,-0.99,-1.51,-0.41
1181,-0.71,-1.22,-0.12
1182,-1.24,-1.79,-0.66
1183,-1.12,-1.6,-0.58
1184,-1,-1.69,-0.45
1185,-0.75,-1.19,-0.09
1186,-1.31,-1.72,-0.58
1187,-1.05,-1.59,-0.44
1188,-0.5,-1.08,-0.01
1189,-0.97,-1.43,-0.35
1190,-0.89,-1.32,-0.33
1191,-1.04,-1.63,-0.5
1192,-1.02,-1.65,-0.52
1193,-0.98,-1.49,-0.55
1194,-1.35,-1.89,-0.9
1195,-1.55,-1.97,-0.98
1196,-1.44,-1.98,-0.9
1197,-1.1,-1.52,-0.39
1198,-1.42,-1.88,-0.74
1199,-0.53,-1.02,-0.04
1200,-1.1,-1.67,-0.62
1201,-0.73,-1.2,-0.22
1202,-0.79,-1.24,-0.19
1203,-0.52,-0.99,0.11
1204,-0.05,-0.59,0.36
1205,-0.62,-1.14,-0.07
1206,-1.04,-1.42,-0.39
1207,-0.69,-1.24,-0.19
1208,-0.64,-1.19,0.04
1209,-0.35,-0.98,0.25
1210,-0.66,-1.33,-0.02
1211,-0.48,-1.07,0.11
1212,0.04,-0.57,0.66
1213,-1.53,-1.98,-0.96
1214,-1.04,-1.51,-0.31
1215,-0.91,-1.41,-0.34
1216,-0.56,-1.14,-0.07
1217,-0.02,-0.55,0.41
1218,-0.62,-1.12,-0.08
1219,-0.65,-1.01,-0.07
1220,-0.62,-1.13,-0.05
1221,-0.18,-0.68,0.15
1222,-0.34,-0.89,0.2
1223,-0.32,-0.86,0.21
1224,-0.2,-0.68,0.39
1225,-0.47,-0.92,-0.06
1226,-0.79,-1.31,-0.13
1227,-0.7,-1.19,-0.15
1228,-0.77,-1.23,-0.21
1229,-1.39,-1.87,-0.82
1230,-0.71,-1.37,-0.16
1231,-0.79,-1.33,-0.3
1232,-0.86,-1.48,-0.33
1233,-0.91,-1.49,-0.34
1234,-0.89,-1.29,-0.36
1235,-0.74,-1.33,-0.09
1236,-1.2,-1.55,-0.6
1237,-0.37,-0.9,0.17
1238,-0.84,-1.37,-0.25
1239,-0.78,-1.26,-0.15
1240,-0.48,-1.07,0.03
1241,-0.58,-0.99,0.11
1242,-0.71,-1.21,-0.2
1243,-0.95,-1.53,-0.38
1244,-0.82,-1.32,-0.33
1245,-1.09,-1.6,-0.51
1246,-1.05,-1.54,-0.47
1247,-1.34,-1.98,-0.82
1248,-0.94,-1.5,-0.3
1249,-0.63,-1.18,-0.08
1250,-0.17,-0.66,0.38
1251,-0.56,-1.1,-0.06
1252,-1.6,-2.1,-0.96
1253,-0.81,-1.44,-0.22
1254,-0.53,-1,0.07
1255,-0.5,-1.06,0.09
1256,-1.21,-1.86,-0.64
1257,0.4,-0.14,0.83
1258,-0.81,-1.36,-0.29
1259,-1.29,-1.83,-0.74
1260,-1.2,-1.53,-0.65
1261,-1.23,-1.7,-0.73
1262,-1.46,-1.9,-0.92
1263,-1.9,-2.37,-1.37
1264,-1.24,-1.81,-0.71
1265,-0.86,-1.31,-0.37
1266,-1.11,-1.5,-0.57
1267,-1.27,-1.78,-0.62
1268,-0.65,-1.17,-0.16
1269,-0.58,-1.1,0.04
1270,-1.1,-1.63,-0.61
1271,-1.45,-1.97,-0.82
1272,-1,-1.61,-0.44
1273,-1.06,-1.55,-0.52
1274,-1.58,-2.05,-0.95
1275,-0.89,-1.42,-0.23
1276,-1.37,-1.9,-0.67
1277,-0.89,-1.43,-0.39
1278,-1,-1.4,-0.42
1279,-1.19,-1.69,-0.54
1280,-1.24,-1.75,-0.63
1281,-0.87,-1.42,-0.41
1282,-1.36,-1.81,-0.76
1283,-0.86,-1.31,-0.3
1284,-0.97,-1.49,-0.34
1285,-1.29,-1.8,-0.7
1286,-1.14,-1.69,-0.57
1287,-0.72,-1.21,-0.09
1288,-0.81,-1.33,-0.17
1289,-1.64,-2.15,-1.04
1290,-1.38,-1.85,-0.85
1291,-1.33,-1.9,-0.67
1292,-0.59,-1.1,-0.02
1293,-1.41,-1.88,-0.83
1294,-1.24,-1.66,-0.65
1295,-1.22,-1.76,-0.63
1296,-1.45,-1.92,-0.9
1297,-1,-1.5,-0.4
1298,-1.08,-1.58,-0.57
1299,-0.73,-1.31,-0.18
1300,-1.24,-1.74,-0.6
1301,-0.65,-1.11,-0.12
1302,-1.16,-1.48,-0.74
1303,-1.01,-1.36,-0.37
1304,-1.07,-1.53,-0.44
1305,-0.64,-1.25,-0.19
1306,-0.81,-1.26,-0.26
1307,-0.56,-0.98,-0.02
1308,-0.88,-1.39,-0.34
1309,-1.25,-1.71,-0.81
1310,-0.93,-1.41,-0.46
1311,-0.72,-1.21,-0.08
1312,-1.18,-1.64,-0.57
1313,-1.27,-1.76,-0.53
1314,-1.11,-1.76,-0.53
1315,-0.83,-1.34,-0.21
1316,-1.01,-1.47,-0.43
1317,-1.49,-1.97,-0.91
1318,-1.1,-1.62,-0.47
1319,-1.34,-1.81,-0.76
1320,-1.33,-1.82,-0.84
1321,-1.18,-1.63,-0.57
1322,-1.36,-1.83,-0.77
1323,-0.83,-1.32,-0.29
1324,-0.75,-1.31,-0.37
1325,-0.7,-1.26,-0.11
1326,-0.66,-1.18,-0.1
1327,-0.74,-1.36,-0.19
1328,-1.52,-1.94,-0.95
1329,-1.08,-1.55,-0.54
1330,-1.64,-2.02,-1.03
1331,-1.25,-1.77,-0.67
1332,-1.49,-1.85,-0.94
1333,-1.28,-1.66,-0.56
1334,-0.99,-1.47,-0.48
1335,-1.43,-1.76,-0.88
1336,-1.39,-1.8,-0.76
1337,-1.5,-1.98,-0.9
1338,-1.74,-2.27,-1.13
1339,-1.08,-1.58,-0.39
1340,-1.3,-1.8,-0.85
1341,-1.29,-1.68,-0.67
1342,-1.07,-1.47,-0.44
1343,-1.01,-1.39,-0.53
1344,-1.57,-2.1,-1.05
1345,-1.72,-2.2,-1.07
1346,-1.72,-2.21,-1.18
1347,-1.22,-1.64,-0.79
1348,-1.47,-2.01,-0.84
1349,-1.45,-1.97,-0.83
1350,-1.45,-1.89,-0.91
1351,-0.48,-1.03,0.1
1352,-1.26,-1.77,-0.69
1353,-1.2,-1.54,-0.68
1354,-1.29,-1.73,-0.71
1355,-0.76,-1.44,-0.28
1356,-1.29,-1.8,-0.76
1357,-0.82,-1.35,-0.31
1358,-1.14,-1.64,-0.57
1359,-0.97,-1.56,-0.4
1360,-0.73,-1.24,-0.26
1361,-1.06,-1.61,-0.52
1362,-0.78,-1.35,-0.16
1363,-1.51,-1.9,-0.73
1364,-1,-1.6,-0.52
1365,-0.84,-1.41,-0.31
1366,-0.48,-1.02,-0.01
1367,-0.8,-1.53,-0.11
1368,-0.81,-1.27,-0.28
1369,-1.07,-1.51,-0.44
1370,-0.72,-1.2,-0.24
1371,-0.98,-1.44,-0.43
1372,-1.32,-1.8,-0.78
1373,-0.99,-1.43,-0.37
1374,-0.83,-1.4,-0.26
1375,-1.31,-1.91,-0.7
1376,-0.87,-1.34,-0.26
1377,-1.37,-1.91,-0.73
1378,-1.03,-1.55,-0.57
1379,-1.02,-1.5,-0.51
1380,-1.4,-1.82,-0.72
1381,-1.73,-2.27,-1.08
1382,-1.37,-1.86,-0.8
1383,-1.1,-1.53,-0.51
1384,-1.1,-1.53,-0.51
1385,-1.27,-1.73,-0.6
1386,-1.21,-1.68,-0.75
1387,-1.31,-1.72,-0.81
1388,-1.17,-1.66,-0.59
1389,-0.87,-1.3,-0.34
1390,-0.68,-1.11,-0.15
1391,-0.59,-1.07,0.05
1392,-1.32,-1.94,-0.88
1393,-1.29,-1.77,-0.75
1394,-1.16,-1.66,-0.64
1395,-1.02,-1.5,-0.32
1396,-0.38,-0.87,0.13
1397,-0.42,-0.84,0.06
1398,-1.16,-1.78,-0.55
1399,-1.14,-1.65,-0.62
1400,-1.35,-1.77,-0.75
1401,-1.33,-1.75,-0.66
1402,-1.49,-1.88,-0.76
1403,-0.45,-1.04,-0.07
1404,-0.79,-1.2,-0.27
1405,-0.75,-1.15,-0.32
1406,-0.43,-0.93,-0.02
1407,-0.99,-1.45,-0.43
1408,-0.92,-1.5,-0.46
1409,-1.04,-1.53,-0.42
1410,-0.79,-1.32,-0.27
1411,-0.34,-0.96,0.06
1412,-0.93,-1.38,-0.32
1413,-0.6,-1.16,-0.16
1414,-0.8,-1.23,-0.31
1415,-0.95,-1.52,-0.41
1416,-1.31,-1.77,-0.73
1417,-1.06,-1.48,-0.47
1418,-0.37,-0.93,0.17
1419,-0.28,-0.82,0.16
1420,-0.52,-1.02,0
1421,-0.71,-1.32,-0.16
1422,-0.88,-1.29,-0.49
1423,-0.85,-1.4,-0.42
1424,-0.13,-0.65,0.31
1425,-0.32,-0.89,0.08
1426,-1.12,-1.62,-0.55
1427,-0.35,-0.81,0.19
1428,-0.84,-1.41,-0.29
1429,-0.56,-1.08,-0.24
1430,-0.35,-0.9,0.11
1431,-0.52,-1,-0.03
1432,-0.56,-1.23,0.05
1433,-0.93,-1.42,-0.44
1434,-0.69,-1.13,-0.14
1435,-0.31,-0.84,0.19
1436,-0.67,-1.12,-0.23
1437,-0.36,-0.85,0.12
1438,-0.44,-0.88,-0.03
1439,-0.4,-0.98,0.23
1440,-0.38,-0.82,0.08
1441,-0.98,-1.38,-0.41
1442,-0.53,-1.17,-0.05
1443,-0.67,-1.25,-0.18
1444,-0.48,-1.01,0.04
1445,-0.1,-0.7,0.38
1446,-0.87,-1.33,-0.39
1447,-0.54,-1.05,-0.11
1448,-1.06,-1.5,-0.47
1449,-1.33,-1.73,-0.8
1450,-0.73,-1.2,-0.3
1451,-0.53,-1.07,0.02
1452,-0.88,-1.42,-0.37
1453,-1.66,-2.12,-1.1
1454,-1.28,-1.65,-0.77
1455,-1.69,-2.12,-1.18
1456,-1.67,-2.07,-1.08
1457,-0.79,-1.2,-0.16
1458,-1.18,-1.65,-0.56
1459,-1.06,-1.46,-0.53
1460,-1.45,-1.89,-0.99
1461,-1.22,-1.64,-0.73
1462,-1.09,-1.58,-0.55
1463,-1.13,-1.6,-0.58
1464,-0.71,-1.05,-0.14
1465,-0.8,-1.29,-0.21
1466,-1.55,-2.01,-1.07
1467,-1.53,-1.87,-0.78
1468,-1.27,-1.72,-0.79
1469,-1.09,-1.61,-0.56
1470,-0.41,-0.93,0.1
1471,-1.2,-1.7,-0.59
1472,-1.32,-1.8,-0.76
1473,-1.51,-2.06,-0.87
1474,-1.2,-1.65,-0.68
1475,-0.76,-1.29,-0.31
1476,-0.9,-1.36,-0.27
1477,-1.26,-1.76,-0.62
1478,-1.04,-1.6,-0.56
1479,-0.73,-1.25,-0.27
1480,-0.99,-1.49,-0.5
1481,-1.38,-1.92,-0.88
1482,-1.38,-1.8,-0.84
1483,-1.54,-1.92,-0.95
1484,-1.26,-1.64,-0.74
1485,-1.17,-1.68,-0.61
1486,-1.36,-1.72,-0.65
1487,-1.22,-1.64,-0.68
1488,-1.13,-1.5,-0.66
1489,-0.57,-1.16,-0.05
1490,-0.84,-1.36,-0.23
1491,-0.53,-1.19,-0.01
1492,-0.83,-1.2,-0.22
1493,-0.66,-1.25,-0.14
1494,-0.52,-1.08,-0.18
1495,-0.41,-0.87,0.06
1496,-0.18,-0.71,0.47
1497,-0.58,-0.97,-0.07
1498,-0.81,-1.24,-0.38
1499,-0.81,-1.3,-0.23
1500,-0.97,-1.44,-0.5
1501,-0.15,-0.59,0.25
1502,-1.27,-1.6,-0.71
1503,-0.75,-1.13,-0.3
1504,-0.42,-1.1,0.09
1505,-0.38,-0.97,0.16
1506,-0.52,-0.98,-0.01
1507,-0.52,-1.14,-0.03
1508,-0.61,-1.21,-0.12
1509,-0.84,-1.36,-0.2
1510,-0.56,-1.09,-0.12
1511,-1.06,-1.58,-0.48
1512,-0.79,-1.26,-0.2
1513,-0.91,-1.58,-0.43
1514,-0.89,-1.27,-0.37
1515,-0.61,-1.01,0.09
1516,-1.53,-1.93,-0.99
1517,-1.2,-1.67,-0.61
1518,-1.3,-1.79,-0.77
1519,-1.26,-1.67,-0.68
1520,-1.28,-1.86,-0.8
1521,-1.38,-1.92,-0.76
1522,-1.51,-1.86,-0.92
1523,-1.04,-1.57,-0.45
1524,-1.9,-2.25,-1.25
1525,-1.36,-1.88,-0.81
1526,-1.51,-1.94,-0.99
1527,-1.25,-1.81,-0.67
1528,-1.49,-1.98,-0.93
1529,-1.48,-1.93,-0.94
1530,-0.55,-1.11,-0.02
1531,-1.13,-1.66,-0.59
1532,-0.7,-1.16,-0.18
1533,-0.89,-1.44,-0.46
1534,-1.34,-1.75,-0.73
1535,-1.41,-1.87,-0.78
1536,-1.36,-1.7,-0.75
1537,-0.28,-0.86,0.34
1538,-0.36,-0.76,0.07
1539,-0.16,-0.64,0.2
1540,-0.72,-1.29,-0.28
1541,-0.54,-1.04,-0.05
1542,-1.11,-1.67,-0.55
1543,-1.19,-1.65,-0.56
1544,-1.07,-1.55,-0.56
1545,-1.23,-1.53,-0.69
1546,-0.88,-1.32,-0.4
1547,-1.08,-1.5,-0.59
1548,-0.32,-0.75,0.1
1549,-0.43,-0.84,0.08
1550,-0.69,-1.22,-0.17
1551,-0.27,-0.68,0.16
1552,-0.28,-0.67,0.19
1553,0.11,-0.5,0.55
1554,-0.59,-1.19,-0.06
1555,-1.01,-1.46,-0.53
1556,-0.71,-1.31,-0.19
1557,-0.79,-1.28,-0.3
1558,-0.26,-0.83,0.2
1559,-0.54,-1.02,-0.04
1560,-0.6,-1.18,-0.07
1561,-0.91,-1.41,-0.46
1562,-0.34,-0.88,0.18
1563,-0.36,-0.9,0.07
1564,-0.7,-1.15,-0.18
1565,-0.48,-0.92,0.07
1566,-0.52,-1.13,-0.04
1567,-1.17,-1.56,-0.59
1568,-1.07,-1.61,-0.54
1569,-0.05,-0.6,0.56
1570,-0.02,-0.56,0.55
1571,-1.14,-1.59,-0.6
1572,-1.13,-1.53,-0.6
1573,-0.46,-1.04,0
1574,-0.92,-1.43,-0.52
1575,-0.53,-1.04,-0.01
1576,-1.25,-1.51,-0.71
1577,-0.56,-1.01,-0.06
1578,-0.87,-1.33,-0.42
1579,-0.71,-1.18,-0.25
1580,-1.19,-1.7,-0.63
1581,-1.16,-1.52,-0.61
1582,-0.45,-1.01,0.03
1583,-0.39,-0.92,0.11
1584,-0.62,-1.15,-0.23
1585,-0.32,-0.9,0.07
1586,-0.44,-0.91,0.01
1587,-0.49,-0.96,0.17
1588,-0.77,-1.25,-0.25
1589,-1.3,-1.75,-0.73
1590,-1.16,-1.72,-0.58
1591,-1.55,-1.94,-1.01
1592,-1.27,-1.73,-0.6
1593,-1.54,-1.97,-0.9
1594,-0.66,-1.28,-0.25
1595,-0.29,-0.83,0.26
1596,-0.72,-1.38,-0.16
1597,-1.23,-1.79,-0.71
1598,-1.16,-1.67,-0.66
1599,-1.01,-1.53,-0.5
1600,-0.51,-1.16,0.04
1601,-1.27,-1.74,-0.66
1602,-1.62,-2.04,-1.05
1603,-0.73,-1.15,-0.22
1604,-0.93,-1.46,-0.41
1605,-1.63,-2.02,-1.09
1606,-1.38,-1.74,-0.7
1607,-1.92,-2.33,-1.32
1608,-1.28,-1.61,-0.69
1609,-1.45,-1.82,-0.9
1610,-1.14,-1.69,-0.66
1611,-0.88,-1.45,-0.34
1612,-1.51,-1.99,-0.86
1613,-0.72,-1.29,-0.17
1614,-1.47,-1.89,-0.91
1615,-1.29,-1.69,-0.79
1616,-0.58,-1.12,-0.12
1617,-0.78,-1.27,-0.33
1618,-0.75,-1.21,-0.3
1619,-0.91,-1.35,-0.35
1620,-1.21,-1.71,-0.72
1621,-1.08,-1.48,-0.49
1622,-1.14,-1.59,-0.62
1623,-1.19,-1.57,-0.64
1624,-1.2,-1.71,-0.59
1625,-1.29,-1.73,-0.72
1626,-0.86,-1.32,-0.33
1627,-0.99,-1.35,-0.35
1628,-1.37,-1.78,-0.81
1629,-0.88,-1.36,-0.3
1630,-0.85,-1.25,-0.22
1631,-1.63,-2.1,-1.03
1632,-1.42,-1.86,-0.77
1633,-1.79,-2.36,-1.25
1634,-2.09,-2.57,-1.36
1635,-1.55,-1.98,-1.03
1636,-0.98,-1.49,-0.34
1637,-1.05,-1.57,-0.51
1638,-1.63,-2.15,-1.01
1639,-1.37,-1.82,-0.81
1640,-1.1,-1.46,-0.47
1641,-1.06,-1.54,-0.62
1642,-1.11,-1.52,-0.55
1643,-1.1,-1.57,-0.58
1644,-1.37,-1.76,-0.84
1645,-1.56,-1.93,-1.05
1646,-1.52,-2.03,-0.96
1647,-1.37,-1.91,-0.78
1648,-1.67,-2.08,-1.06
1649,-0.99,-1.45,-0.48
1650,-1.41,-1.86,-0.91
1651,-1.65,-2.06,-1.11
1652,-1.18,-1.62,-0.61
1653,-1.64,-2.15,-1.19
1654,-0.57,-1.07,-0.1
1655,-0.76,-1.19,-0.2
1656,-1.07,-1.66,-0.52
1657,-0.9,-1.4,-0.28
1658,-0.95,-1.43,-0.38
1659,-1,-1.43,-0.43
1660,-0.85,-1.25,-0.42
1661,-1.4,-1.87,-0.92
1662,-1.25,-1.66,-0.73
1663,-1.05,-1.51,-0.61
1664,-0.38,-0.81,0.12
1665,-0.54,-1.07,-0.01
1666,-1.05,-1.51,-0.39
1667,-0.92,-1.25,-0.47
1668,-1.44,-1.87,-0.82
1669,-1.37,-1.78,-0.86
1670,-1.39,-1.9,-0.86
1671,-1.33,-1.75,-0.7
1672,-0.84,-1.32,-0.36
1673,-1.31,-1.66,-0.67
1674,-1.27,-1.89,-0.77
1675,-1.25,-1.71,-0.7
1676,-1.39,-1.88,-0.85
1677,-1.7,-2.02,-1.05
1678,-1.46,-2.01,-0.85
1679,-1.51,-2.08,-0.93
1680,-2.1,-2.44,-1.44
1681,-1.53,-1.99,-0.98
1682,-1.65,-2.1,-1.02
1683,-1.57,-1.91,-1.07
1684,-1.19,-1.67,-0.66
1685,-1.33,-1.89,-0.79
1686,-1.57,-1.95,-0.98
1687,-1.06,-1.53,-0.39
1688,-1.49,-1.89,-1
1689,-1.27,-1.77,-0.68
1690,-1.12,-1.65,-0.55
1691,-1.51,-1.91,-0.81
1692,-0.93,-1.41,-0.36
1693,-1.16,-1.55,-0.64
1694,-1.19,-1.66,-0.64
1695,-1.37,-1.83,-0.87
1696,-1.52,-1.95,-0.99
1697,-1.55,-1.98,-0.86
1698,-1.72,-2.12,-1.18
1699,-1.84,-2.28,-1.25
1700,-1.5,-2.07,-0.92
1701,-2,-2.46,-1.43
1702,-1.27,-1.69,-0.75
1703,-1.23,-1.82,-0.64
1704,-1.06,-1.5,-0.6
1705,-1.68,-2.03,-1.09
1706,-1.26,-1.71,-0.67
1707,-1.24,-1.72,-0.73
1708,-1.34,-1.84,-0.8
1709,-1.12,-1.5,-0.52
1710,-0.64,-1.12,-0.11
1711,-0.9,-1.29,-0.44
1712,-0.91,-1.38,-0.37
1713,-0.98,-1.4,-0.44
1714,-1.69,-2.19,-1
1715,-0.91,-1.29,-0.39
1716,-1.02,-1.48,-0.45
1717,-1.01,-1.56,-0.53
1718,-1.74,-2.1,-1.15
1719,-1.36,-1.78,-0.81
1720,-1.64,-2.06,-1.14
1721,-1.03,-1.6,-0.54
1722,-1.05,-1.45,-0.52
1723,-1.48,-1.92,-0.88
1724,-1.17,-1.68,-0.54
1725,-0.82,-1.28,-0.3
1726,-0.71,-1.14,-0.25
1727,-0.48,-1,0.08
1728,-1.31,-1.86,-0.76
1729,-0.41,-0.95,0.08
1730,-0.32,-0.78,0.16
1731,-0.29,-0.87,0.21
1732,-0.83,-1.37,-0.23
1733,-1.08,-1.61,-0.52
1734,-1.25,-1.65,-0.68
1735,-1.85,-2.29,-1.25
1736,-0.84,-1.32,-0.26
1737,-1.5,-1.79,-0.89
1738,-1.31,-1.84,-0.7
1739,-0.92,-1.33,-0.26
1740,-0.78,-1.23,-0.28
1741,-1.4,-1.9,-0.84
1742,-1.69,-2.03,-0.96
1743,-1.31,-1.69,-0.75
1744,-1.41,-1.86,-0.87
1745,-1.8,-2.24,-1.25
1746,-1.71,-2.01,-1.03
1747,-1.42,-1.91,-0.9
1748,-1.01,-1.44,-0.34
1749,-0.77,-1.28,-0.35
1750,-1.04,-1.38,-0.62
1751,-1.25,-1.62,-0.74
1752,-1.47,-1.84,-0.91
1753,-1.27,-1.76,-0.76
1754,-1.16,-1.59,-0.45
1755,-1,-1.66,-0.56
1756,-1.21,-1.54,-0.7
1757,-0.88,-1.33,-0.23
1758,-1.15,-1.5,-0.56
1759,-1.09,-1.53,-0.47
1760,-0.49,-1,0.04
1761,-0.92,-1.36,-0.47
1762,-0.14,-0.74,0.3
1763,-0.72,-1.17,-0.24
1764,-0.7,-1.2,-0.17
1765,-0.8,-1.19,-0.25
1766,-0.67,-1.13,-0.17
1767,-1.08,-1.64,-0.57
1768,-1.14,-1.56,-0.47
1769,-0.78,-1.36,-0.32
1770,-1.25,-1.67,-0.79
1771,-1.16,-1.69,-0.54
1772,-0.74,-1.22,-0.23
1773,-0.98,-1.43,-0.33
1774,-0.46,-1.01,0.06
1775,-0.34,-0.87,0.1
1776,-0.77,-1.31,-0.24
1777,-0.99,-1.4,-0.47
1778,-1.19,-1.65,-0.66
1779,-1.22,-1.65,-0.61
1780,-0.86,-1.37,-0.27
1781,-1.27,-1.78,-0.67
1782,-0.41,-1.01,0.21
1783,-1.53,-1.93,-0.84
1784,-0.62,-1.12,-0.07
1785,-0.28,-0.77,0.2
1786,-1.17,-1.6,-0.47
1787,-1.2,-1.6,-0.66
1788,-1.11,-1.53,-0.56
1789,-0.9,-1.3,-0.39
1790,-0.81,-1.4,-0.35
1791,-0.96,-1.4,-0.51
1792,-0.84,-1.26,-0.29
1793,-0.81,-1.47,-0.31
1794,-0.93,-1.37,-0.45
1795,-0.84,-1.28,-0.17
1796,-0.95,-1.41,-0.34
1797,-1.07,-1.61,-0.5
1798,-1.12,-1.51,-0.57
1799,-1.01,-1.52,-0.54
1800,-1.01,-1.48,-0.47
1801,-0.95,-1.37,-0.43
1802,-0.98,-1.43,-0.32
1803,-1.44,-1.81,-0.91
1804,-0.63,-1.14,-0.22
1805,-0.46,-0.87,0.07
1806,-1.25,-1.78,-0.71
1807,-1.18,-1.69,-0.58
1808,-0.76,-1.22,-0.29
1809,-1.17,-1.65,-0.7
1810,-1.55,-2.15,-0.98
1811,-1.62,-2.13,-1
1812,-1.75,-2.19,-1.2
1813,-1.81,-2.28,-1.23
1814,-2.12,-2.59,-1.27
1815,-1.57,-2.05,-0.97
1816,-1.56,-2.03,-0.97
1817,-1.97,-2.38,-1.19
1818,-1.74,-2.23,-1.08
1819,-1.13,-1.57,-0.55
1820,-1.05,-1.67,-0.46
1821,-1.4,-1.98,-0.87
1822,-1.82,-2.27,-1.13
1823,-1.77,-2.19,-1.15
1824,-1.48,-2,-0.84
1825,-1.69,-2.02,-1.05
1826,-1.04,-1.72,-0.56
1827,-1.22,-1.8,-0.72
1828,-0.55,-1.19,0
1829,-0.5,-1,-0.01
1830,-1,-1.5,-0.33
1831,-0.68,-1.19,-0.24
1832,-1.59,-2.02,-0.9
1833,-1.35,-1.72,-0.71
1834,-1.64,-2.1,-1
1835,-1.67,-2.2,-1.13
1836,-1.44,-1.92,-0.81
1837,-2.15,-2.59,-1.38
1838,-1.26,-1.74,-0.61
1839,-0.89,-1.37,-0.27
1840,-0.77,-1.22,-0.2
1841,-1.19,-1.61,-0.61
1842,-1.36,-1.76,-0.66
1843,-1.65,-2.24,-1.05
1844,-1.21,-1.63,-0.73
1845,-1.04,-1.48,-0.44
1846,-1.07,-1.51,-0.44
1847,-0.46,-0.88,-0.01
1848,-1.11,-1.69,-0.46
1849,-1.19,-1.64,-0.59
1850,-1.31,-1.76,-0.69
1851,-0.85,-1.27,-0.36
1852,-0.28,-0.85,0.34
1853,-0.54,-0.97,0.05
1854,-0.9,-1.26,-0.37
1855,-0.98,-1.39,-0.46
1856,-0.83,-1.28,-0.31
1857,-1.61,-1.98,-1.01
1858,-0.83,-1.31,-0.29
1859,-0.83,-1.37,-0.3
1860,-0.92,-1.53,-0.41
1861,-0.6,-1.15,-0.13
1862,-1.56,-1.83,-1.01
1863,-2.12,-2.51,-1.5
1864,-1.89,-2.28,-1.37
1865,-1.2,-1.71,-0.58
1866,-1.35,-1.84,-0.86
1867,-1.67,-2.3,-1.03
1868,-0.93,-1.51,-0.41
1869,-0.98,-1.5,-0.38
1870,-0.13,-0.77,0.34
1871,-0.54,-1.05,-0.06
1872,-0.28,-0.8,0.38
1873,-1.01,-1.45,-0.51
1874,-1.48,-1.93,-0.87
1875,-0.27,-0.85,0.12
1876,-0.13,-0.56,0.28
1877,-0.1,-0.75,0.43
1878,-0.1,-0.59,0.4
1879,-0.33,-0.92,0.12
1880,-0.81,-1.42,-0.29
1881,-0.8,-1.32,-0.26
1882,-1.03,-1.5,-0.42
1883,-0.78,-1.32,-0.26
1884,-1.05,-1.62,-0.5
1885,-1.42,-1.89,-0.68
1886,-0.88,-1.31,-0.22
1887,-0.86,-1.36,-0.2
1888,-1.1,-1.56,-0.51
1889,-1.01,-1.5,-0.39
1890,-0.86,-1.36,-0.37
1891,-1.09,-1.55,-0.46
1892,-1.19,-1.58,-0.65
1893,-0.7,-1.24,-0.08
1894,-0.95,-1.49,-0.36
1895,-0.17,-0.69,0.25
1896,-0.36,-0.84,0.23
1897,-0.57,-1.15,0.01
1898,-0.53,-1,0.02
1899,-0.76,-1.17,-0.24
1900,-1.47,-1.94,-0.83
1901,-0.52,-1.14,-0.13
1902,-0.77,-1.28,-0.26
1903,-1.1,-1.59,-0.57
1904,-0.82,-1.29,-0.13
1905,-1.75,-2.26,-1.1
1906,-1.13,-1.5,-0.57
1907,-1.71,-2.22,-1.17
1908,-0.33,-1,0.2
1909,-0.49,-1.01,-0.04
1910,-1.09,-1.52,-0.58
1911,-1.31,-1.74,-0.72
1912,-0.68,-1.17,-0.06
1913,-1.05,-1.67,-0.48
1914,-0.84,-1.31,-0.32
1915,-0.63,-1.2,-0.04
1916,-0.42,-0.92,0.22
1917,-0.08,-0.68,0.44
1918,-0.71,-1.27,-0.29
1919,-1.23,-1.68,-0.69
1920,-0.44,-1.01,0.18
1921,-0.65,-1.11,-0.2
1922,0.04,-0.59,0.54
1923,-0.4,-0.89,0.14
1924,-0.08,-0.64,0.35
1925,-0.13,-0.58,0.34
1926,-0.04,-0.53,0.55
1927,0.13,-0.55,0.59
1928,-0.4,-1,0.11
1929,-0.26,-0.94,0.44
1930,-0.23,-0.84,0.31
1931,-0.11,-0.7,0.46
1932,0.05,-0.57,0.58
1933,-0.06,-0.54,0.49
1934,0.43,-0.22,0.88
1935,-0.11,-0.71,0.4
1936,-0.4,-0.91,0.02
1937,-0.15,-0.69,0.36
1938,0.14,-0.35,0.66
1939,0.52,-0.08,1.12
1940,0.79,0.13,1.25
1941,-0.5,-1.1,0.06
1942,0.44,-0.16,1.02
1943,-0.29,-0.75,0.12
1944,-0.18,-0.71,0.35
1945,0.11,-0.44,0.6
1946,0.11,-0.45,0.65
1947,-0.08,-0.74,0.37
1948,-0.13,-0.63,0.35
1949,-0.64,-1.27,-0.13
1950,-0.19,-0.74,0.3
1951,-0.6,-1.19,-0.01
1952,-0.3,-0.87,0.19
1953,0.62,-0.08,1.05
1954,0.05,-0.51,0.55
1955,0.2,-0.36,0.62
1956,0.41,-0.12,0.88
1957,0.44,-0.19,0.83
1958,0.22,-0.43,0.68
1959,0.66,0.11,1.13
1960,1.31,0.54,1.69
1961,0.79,0.17,1.19
1962,0.1,-0.47,0.53
1963,0.21,-0.37,0.76
1964,0.41,-0.25,0.85
1965,-0.07,-0.68,0.51
1966,-0.11,-0.59,0.35
1967,-0.22,-0.81,0.36
1968,-0.2,-0.73,0.23
1969,0.51,-0.15,0.88
1970,-0.05,-0.68,0.37
1971,-0.03,-0.59,0.41
1972,-0.38,-0.76,0.26
1973,-0.38,-0.92,0.18
1974,-0.9,-1.33,-0.29
1975,-0.73,-1.33,-0.3
1976,-0.45,-1.05,0.12
1977,0.26,-0.47,0.9
1978,0.01,-0.67,0.57
1979,-0.18,-0.76,0.4
1980,0.17,-0.49,0.66
1981,-0.33,-0.96,0.19
1982,-0.06,-0.51,0.45
1983,0.23,-0.37,0.71
1984,0.18,-0.52,0.72
1985,0.61,-0.13,1.09
1986,0.72,0.18,1.38
1987,-0.18,-0.9,0.44
1988,0.3,-0.33,0.67
1989,-0.14,-0.84,0.59
1990,-0.09,-0.7,0.46
1991,0.18,-0.54,0.76
1992,-0.71,-1.27,-0.13
1993,0.45,-0.29,0.91
1994,0.46,-0.27,1.2
1995,0.69,-0.1,1.29
1996,0.78,-0.23,1.47
1997,1.06,-0.01,1.7
1998,-0.07,-0.85,0.77
1999,0.2,-0.68,0.95
2000,-0.17,-0.88,0.54
